话题标签,帖子链接
利用deepseek可以做什么,https://www.xiaohongshu.com/search_result/679db8fd0000000028037791?xsec_token=AB_hGj9qBWObHjuLV9QqcSfyT9a0Y2ycgG1k3Aaey8DAg=&xsec_source=
利用deepseek可以做什么,https://www.xiaohongshu.com/search_result/67e62d62000000000603f7ef?xsec_token=ABDohzfODpOEc3OGGm7TahUsf3WGfdwGHGhIL8u41XSRs=&xsec_source=
利用deepseek可以做什么,https://www.xiaohongshu.com/search_result/67fa1a56000000001c0304b5?xsec_token=ABuLfKyAsvNKaN5l64K8jM5IIi1RwYN1FbYXnLR6AjU0o=&xsec_source=
利用deepseek可以做什么,https://www.xiaohongshu.com/search_result/6836cd6c0000000022006f2b?xsec_token=ABddn4_NjpCqcj8xeWyK3wbt4bKdn0tvKj9yQMNmaUwhs=&xsec_source=
利用deepseek可以做什么,https://www.xiaohongshu.com/search_result/67d6e573000000001b03d746?xsec_token=ABj4VaQCH2WGryTH78cYeHxNorJkTdcRSEo5AiXV45G8s=&xsec_source=
利用deepseek可以做什么,https://www.xiaohongshu.com/search_result/682f09f0000000000c03b0f7?xsec_token=ABpLEvhKnhFkGsmR6AEaaqBuWoiifQGtwJMFNw-rZkSRA=&xsec_source=
利用deepseek可以做什么,https://www.xiaohongshu.com/search_result/67eb4036000000000b01e5b5?xsec_token=ABNhr9DuG8HyVP6lhKZPLywkZjj21mfL1120clCwmkS98=&xsec_source=
利用deepseek可以做什么,https://www.xiaohongshu.com/search_result/67bc3638000000002902f0a1?xsec_token=AB5g7jvyd44N1PQ1ryg3wDR1sVJ4tAoHqvTLXYV7LY0C0=&xsec_source=
利用deepseek可以做什么,https://www.xiaohongshu.com/search_result/67a340ed000000002903cd2d?xsec_token=AB4-fQlZb1yRsZeD0pJaYVnUqcUPcTeZxYVBmAaAKANz0=&xsec_source=
利用deepseek可以做什么,https://www.xiaohongshu.com/search_result/679f34e6000000002901ec0a?xsec_token=AB_dtsmQ_mQtHffZNB-eZh4IU4reCHd2ahWGhAVQQo5rk=&xsec_source=
利用deepseek可以做什么,https://www.xiaohongshu.com/search_result/67e39c46000000001e00bdd3?xsec_token=ABpesKi9G_JuRlFQfllHrYPldhNeL7VIcI9AuIVe4gOaU=&xsec_source=
利用deepseek可以做什么,https://www.xiaohongshu.com/search_result/67a4ba8d000000001801b80b?xsec_token=ABjKwS33mGhk_vC65NLkrqism7Z4m7Jt8R3g92HG47tWM=&xsec_source=
利用deepseek可以做什么,https://www.xiaohongshu.com/search_result/67e80ef7000000001d01a568?xsec_token=AB-A5mUxvIsIZHQIwN3t0w6LCv2MI8nXABChpi9TCVr8Q=&xsec_source=
利用deepseek可以做什么,https://www.xiaohongshu.com/search_result/68459dab0000000022034561?xsec_token=ABMr-4-e1LncYos4ZgrTKeTEx8hvUU82RHjOFa66G5pMA=&xsec_source=
利用deepseek可以做什么,https://www.xiaohongshu.com/search_result/67a5cc060000000029010d46?xsec_token=ABKrkdj21U3DOHv3IDvbs7VT5EaPoU3uCS_hKpDO3KrK4=&xsec_source=
利用deepseek可以做什么,https://www.xiaohongshu.com/search_result/67ab3d3c0000000028034a43?xsec_token=ABzDk02vCBPXGj-MskREKepN6gAr5tiScOr9DH-fyyoRU=&xsec_source=
利用deepseek可以做什么,https://www.xiaohongshu.com/search_result/67d0061a0000000029038f4b?xsec_token=ABZOHZJd6XWN5dOFz0-QyGp0Dn3uTLq_KHH59GAN-4kuE=&xsec_source=
利用deepseek可以做什么,https://www.xiaohongshu.com/search_result/6832b49e0000000012002737?xsec_token=ABEvARZpS_mAOmFNsVzE2yKEnGr-yzZMOD6jgplwLTr5s=&xsec_source=
利用deepseek可以做什么,https://www.xiaohongshu.com/search_result/67c7f3e70000000006038450?xsec_token=AB6uaM26Z0Alv3PeQQh1uyPA9ThrcxqOVlofkf7xrNf0Y=&xsec_source=
利用deepseek可以做什么,https://www.xiaohongshu.com/search_result/67be5f11000000002902c305?xsec_token=AB0Uq2ii5DrarMN7zBEgl8_POctlhoM-ZcCAsGLuFGQIM=&xsec_source=
利用deepseek可以做什么,https://www.xiaohongshu.com/search_result/67e0c38c000000000900c337?xsec_token=ABInDH-3IhPq4vcGIB3xtP9ri_NTXmjvu0Ze_O0tdQZ2Q=&xsec_source=
利用deepseek可以做什么,https://www.xiaohongshu.com/search_result/679263ce000000001800821e?xsec_token=ABXHgIZFxxGcjBe9XwJlygeLGkKuDFaBwi3qr-whqZh5k=&xsec_source=
利用deepseek可以做什么,https://www.xiaohongshu.com/search_result/67b9941c000000000603e74b?xsec_token=ABwk1VlA4OajBtRwc1niaT8fQORqMQAr9qZpre8wHYQCQ=&xsec_source=
利用deepseek可以做什么,https://www.xiaohongshu.com/search_result/681c16cb0000000023002255?xsec_token=ABrDRwgT6UHLNO6lqXq5o9uIfnNa6elkkG4pIfnntSXu0=&xsec_source=
利用deepseek可以做什么,https://www.xiaohongshu.com/search_result/67b835fe000000002803d311?xsec_token=ABGHJbPG9VZmvnld_qWl3_Xewk9lOCMpoJdbZdyuri7mw=&xsec_source=
利用deepseek可以做什么,https://www.xiaohongshu.com/search_result/67c2fa61000000000900e5b5?xsec_token=ABDMSFdZ2h8mma3GYw0QPGhenrB8YSKyyMihUwK2_n1yU=&xsec_source=
利用deepseek可以做什么,https://www.xiaohongshu.com/search_result/67fc8280000000001b03c657?xsec_token=ABan9zU41Pmlrx9sCIfoVTuEUxd-wF60ou57ONjgQ5Vxk=&xsec_source=
利用deepseek可以做什么,https://www.xiaohongshu.com/search_result/68459d75000000002102ccfe?xsec_token=ABMr-4-e1LncYos4ZgrTKeTIPuX5-1WLn276hjiYyiBRM=&xsec_source=
利用deepseek可以做什么,https://www.xiaohongshu.com/search_result/67e15a73000000000903a443?xsec_token=AB-PPZ0A5yxHRcwghV3ju-tZiIXuDFdjL8ytTjUtXMWgo=&xsec_source=
利用deepseek可以做什么,https://www.xiaohongshu.com/search_result/6843f92f0000000022037ada?xsec_token=AB5VI0B8leD-J1lBnYeVddjglEUddOfX5UBvC90IlooHg=&xsec_source=
利用deepseek可以做什么,https://www.xiaohongshu.com/search_result/6826f7be000000000c03894b?xsec_token=ABEuJ4_P_X0WbEVqWVCGhLTcXzF_zdSs6aDKBGa2ZSM7U=&xsec_source=
利用deepseek可以做什么,https://www.xiaohongshu.com/search_result/67e7f45f000000001c011882?xsec_token=ABD4mJdAvMv16f5vj0-1F1uXMKQuHwyXTA0IaK98Rt3SQ=&xsec_source=
利用deepseek可以做什么,https://www.xiaohongshu.com/search_result/67ca75db000000002902d76f?xsec_token=AB_xP5gHRqVYM1LRm2FW4bwH6s-gU23daUgnF-O8GYEU8=&xsec_source=
利用deepseek可以做什么,https://www.xiaohongshu.com/search_result/67aa0134000000002900e467?xsec_token=ABW6kp8OSEsKECVy-qW0kmMV0F7i2NDoQWCyAoKDCsMco=&xsec_source=
利用deepseek可以做什么,https://www.xiaohongshu.com/search_result/6825c3f9000000000f032bd6?xsec_token=AB-LB9vlBj-XGtmNJtb6sD6MWBm55j65hdHCu9wrd-_gM=&xsec_source=
利用deepseek可以做什么,https://www.xiaohongshu.com/search_result/6833044800000000210068f4?xsec_token=ABhQ2dM5-Bm2Nlw9jGJUnVEjmysR--4u0pHZtgkDfqIJ0=&xsec_source=
利用deepseek可以做什么,https://www.xiaohongshu.com/search_result/67b4936c000000000e0079e7?xsec_token=ABw_KMHpjGH4bw5sESGPUHEV9HkcFoPtaM7taZhzL5Dkc=&xsec_source=
利用deepseek可以做什么,https://www.xiaohongshu.com/search_result/68105bee000000000e005426?xsec_token=ABltR_Aydf28fvjxAIseii1f59xVjFsYBKJtIHTucBRPY=&xsec_source=
利用deepseek可以做什么,https://www.xiaohongshu.com/search_result/681da28400000000120005db?xsec_token=ABPNXN6Upo_PXC8jfmsjLd5UZJ6JZfbLXIgylJfdbnnWE=&xsec_source=
利用deepseek可以做什么,https://www.xiaohongshu.com/search_result/67ba0126000000000302865a?xsec_token=ABNrXkWjGnoTotb7qK196dbBqlHpoKXoT6KAZb8uZvmSE=&xsec_source=
利用deepseek可以做什么,https://www.xiaohongshu.com/search_result/680af267000000001c0355a9?xsec_token=AB4tUZoAM91Om046aINUv-xXP5i2gjVlJEjSS6L8CdObM=&xsec_source=
利用deepseek可以做什么,https://www.xiaohongshu.com/search_result/67a057a1000000002903f6ec?xsec_token=ABYIyBPfEfOxm_9d3efJcGxQ1G9P1VkTa3L8xqYpJm4d4=&xsec_source=
利用deepseek可以做什么,https://www.xiaohongshu.com/search_result/67bf2a49000000000900dbfb?xsec_token=AB25Mb6QiYfqUZ8hncebvI8ETSksXLE5AKQq0auYO9nq0=&xsec_source=
利用deepseek可以做什么,https://www.xiaohongshu.com/search_result/67c243630000000009038679?xsec_token=ABDMSFdZ2h8mma3GYw0QPGhVWDpHrtTJBHMF_a__uLZ7Y=&xsec_source=
利用deepseek可以做什么,https://www.xiaohongshu.com/search_result/67a5ee9a000000002901e201?xsec_token=ABKrkdj21U3DOHv3IDvbs7VSpXXrp437qoF0GVP2ka_tI=&xsec_source=
利用deepseek可以做什么,https://www.xiaohongshu.com/search_result/68158d54000000000d01559e?xsec_token=ABXhVde8h2TMvvHT4FFAi4wVPSS_kgwsshKZv-RrQq6DM=&xsec_source=
利用deepseek可以做什么,https://www.xiaohongshu.com/search_result/67f394d0000000001e001e9f?xsec_token=ABtvDVlo7tBCCT5FFKsLdytkQhAtaeKeb6vUHV5eTundQ=&xsec_source=
利用deepseek可以做什么,https://www.xiaohongshu.com/search_result/67c52223000000002901845e?xsec_token=ABBK7mbOKfQcrEEyF6c8hm-2Ra0H5hbnw9oGR4KQiZCUE=&xsec_source=
利用deepseek可以做什么,https://www.xiaohongshu.com/search_result/67bc2bbe0000000003029fba?xsec_token=AB5g7jvyd44N1PQ1ryg3wDR4TotvIK-PXfiM_p_FwLDlc=&xsec_source=
利用deepseek可以做什么,https://www.xiaohongshu.com/search_result/67a31a8a0000000018008add?xsec_token=AB4-fQlZb1yRsZeD0pJaYVna6dxUpdMFDx_vlLq9CLgYQ=&xsec_source=
利用deepseek可以做什么,https://www.xiaohongshu.com/search_result/67ac1a370000000018011ade?xsec_token=ABSjGucmA1eLLwJmjKGsHQHrkpEATnZ-fVryg-LVNREpk=&xsec_source=
利用deepseek可以做什么,https://www.xiaohongshu.com/search_result/67a64a160000000018010202?xsec_token=ABglfpufgkMuJj1V3Lzs9T0Jal5bR9mDcwvQPIyz90Hjc=&xsec_source=
利用deepseek可以做什么,https://www.xiaohongshu.com/search_result/67fda430000000000900ea96?xsec_token=ABTJv3F7KFgXmTApfV3c2dhr5wH9u-DB6LCNb8wmGMm34=&xsec_source=
利用deepseek可以做什么,https://www.xiaohongshu.com/search_result/682983a3000000002202be7c?xsec_token=ABOZfiChUimaSYVKZjMd-5PNXQiDUVDzJz71OnRA8Pjgs=&xsec_source=
利用deepseek可以做什么,https://www.xiaohongshu.com/search_result/67ad69ee0000000029024c39?xsec_token=ABlBzZaql97jYOowVYK32_1zP-qpciRBeOFfV5LbQap64=&xsec_source=
利用deepseek可以做什么,https://www.xiaohongshu.com/search_result/67f8d222000000001d018f9b?xsec_token=ABk6xA7I5A37k2bHXrTOelORZ92_6_4JOjC1nrLjpEDeg=&xsec_source=
利用deepseek可以做什么,https://www.xiaohongshu.com/search_result/67b6ddfc00000000060397ad?xsec_token=ABsMiNr-g-FUNOJuF5_2dtFio1pehd7biuOq40oxSKe3g=&xsec_source=
利用deepseek可以做什么,https://www.xiaohongshu.com/search_result/67baec2e000000002503fb4d?xsec_token=ABNrXkWjGnoTotb7qK196dbANpG-wKJeOjhccmpdV5Ln0=&xsec_source=
利用deepseek可以做什么,https://www.xiaohongshu.com/search_result/67f85f98000000000b01ec24?xsec_token=ABk6xA7I5A37k2bHXrTOelOWZ1GR46-pGRDVLkjpLekNE=&xsec_source=
利用deepseek可以做什么,https://www.xiaohongshu.com/search_result/67c05d3c00000000290130d5?xsec_token=ABgvv-YY9ZtCiH_aWkseiryHlqBwBJwgbWfKnwp_Pby94=&xsec_source=
利用deepseek可以做什么,https://www.xiaohongshu.com/search_result/67ea6972000000001d01e760?xsec_token=ABzAWEJfWgUMABsg7JP8GXWPqJxnfHkaNec7I9rovuy8k=&xsec_source=
利用deepseek可以做什么,https://www.xiaohongshu.com/search_result/67aa397a000000001701f3ca?xsec_token=ABW6kp8OSEsKECVy-qW0kmMZmWUFEnzggcBljglJhO4iY=&xsec_source=
利用deepseek可以做什么,https://www.xiaohongshu.com/search_result/67c92451000000002901c3ed?xsec_token=ABS2TjPybzZE2081NvbxlZd1CLIiV7XfcCbT6ErHyEPTU=&xsec_source=
利用deepseek可以做什么,https://www.xiaohongshu.com/search_result/67c66dc6000000000603d393?xsec_token=ABhSkXP4wCYVLw9ci15FNWJdMKfrVwTddARsixaOMK0lQ=&xsec_source=
利用deepseek可以做什么,https://www.xiaohongshu.com/search_result/681ef907000000002300082d?xsec_token=ABaFB3bUNup55yHo4MsOJO90DTfqjzre-9ZFfnGZH5MkU=&xsec_source=
利用deepseek可以做什么,https://www.xiaohongshu.com/search_result/68312da30000000012000629?xsec_token=ABnX3uhvUMnsN9akvXC3kStR0HTVb86s5ZYJv4oUjoa_c=&xsec_source=
利用deepseek可以做什么,https://www.xiaohongshu.com/search_result/67ceb474000000000b01660c?xsec_token=ABcwahQl-Hw2h2ZfAGZfgkj1NGLx4lApPh9KHsyHLwMWY=&xsec_source=
利用deepseek可以做什么,https://www.xiaohongshu.com/search_result/67c1ce29000000001203c62b?xsec_token=ABmY8vHUmu_Mn-ySRZ3Gmult_bwTVBq1lgkpxem9IWSZE=&xsec_source=
利用deepseek可以做什么,https://www.xiaohongshu.com/search_result/67a593c400000000290398cf?xsec_token=ABKrkdj21U3DOHv3IDvbs7VR9JWVNUqT-W44JyNd82Vhw=&xsec_source=
利用deepseek可以做什么,https://www.xiaohongshu.com/search_result/6826df77000000000c03b1b5?xsec_token=ABEuJ4_P_X0WbEVqWVCGhLTXJnSxKfPgsoryiIYTiC5P8=&xsec_source=
利用deepseek可以做什么,https://www.xiaohongshu.com/search_result/67aac098000000002a001f63?xsec_token=ABW6kp8OSEsKECVy-qW0kmMXYBM-0tW9siToGX8KBPYDw=&xsec_source=
利用deepseek可以做什么,https://www.xiaohongshu.com/search_result/67decdca000000001e00b6ae?xsec_token=ABHHKtegc2MuW4qPa8oaCtMPRSTYENO6Dmk1Gj5Ktwk0c=&xsec_source=
利用deepseek可以做什么,https://www.xiaohongshu.com/search_result/67b3e96e000000002903383d?xsec_token=ABfxl8Ah9no4FlwHHpqvnB1NmLquqXa0jmZVkwbuhaP3g=&xsec_source=
利用deepseek可以做什么,https://www.xiaohongshu.com/search_result/682f40cc000000000c03b39f?xsec_token=ABpLEvhKnhFkGsmR6AEaaqBst8hsATQCzdHSSxFaXFzis=&xsec_source=
利用deepseek可以做什么,https://www.xiaohongshu.com/search_result/68314143000000000f03058d?xsec_token=ABnX3uhvUMnsN9akvXC3kSta3Exb1ZPrpVd3tYRq7NHeQ=&xsec_source=
利用deepseek可以做什么,https://www.xiaohongshu.com/search_result/68092ec6000000000900c2d8?xsec_token=AB-LpuSKg87BbzcQDfL1zVAMtEuB9_lG_2IcmFKmgcklg=&xsec_source=
利用deepseek可以做什么,https://www.xiaohongshu.com/search_result/67b41933000000000603fd5a?xsec_token=ABw_KMHpjGH4bw5sESGPUHEXOwCyApVYB54T73vRCLWKU=&xsec_source=
利用deepseek可以做什么,https://www.xiaohongshu.com/search_result/6838305300000000230138eb?xsec_token=ABj1ymze3oJ3fKrJjXBy9kZG1usttbHBSQdwNfwbUw8QU=&xsec_source=
利用deepseek可以做什么,https://www.xiaohongshu.com/search_result/67c9c70a000000002900d030?xsec_token=ABS2TjPybzZE2081NvbxlZd5va2GtId-YGh3buBu8_yYQ=&xsec_source=
利用deepseek可以做什么,https://www.xiaohongshu.com/search_result/67c2a58d000000002902914a?xsec_token=ABDMSFdZ2h8mma3GYw0QPGhTXMpxG1oM2TpPSfhAAnEuw=&xsec_source=
利用deepseek可以做什么,https://www.xiaohongshu.com/search_result/6836cd230000000012000940?xsec_token=ABddn4_NjpCqcj8xeWyK3wbp0GLQCH3J4tyvUbTuuMBi4=&xsec_source=
利用deepseek可以做什么,https://www.xiaohongshu.com/search_result/679ede28000000001800d58d?xsec_token=AB9pX1_Wd030gjmekQnAjJpF6NZjK_EpijnBTED0JiEfU=&xsec_source=
利用deepseek可以做什么,https://www.xiaohongshu.com/search_result/680ce2e7000000001c035a65?xsec_token=ABpIfpIPPYBkpyAeuT-8IQTpaS8KdADdBXg26sOWW-teY=&xsec_source=
利用deepseek可以做什么,https://www.xiaohongshu.com/search_result/67c5017a00000000290387d1?xsec_token=ABBK7mbOKfQcrEEyF6c8hm-71zeeSWZxS5oM3RLdaw8bY=&xsec_source=
利用deepseek可以做什么,https://www.xiaohongshu.com/search_result/67ac7f930000000029036de5?xsec_token=ABSjGucmA1eLLwJmjKGsHQHjATSSzzHXqNWQ9V-yP3qOA=&xsec_source=
利用deepseek可以做什么,https://www.xiaohongshu.com/search_result/68459cca000000002100d575?xsec_token=ABMr-4-e1LncYos4ZgrTKeTD9SyVuzdaznhps1YA13EdI=&xsec_source=
利用deepseek可以做什么,https://www.xiaohongshu.com/search_result/67aade57000000002803737e?xsec_token=ABW6kp8OSEsKECVy-qW0kmMVIEqZnynE3Q1SC2niaSiHw=&xsec_source=
利用deepseek可以做什么,https://www.xiaohongshu.com/search_result/67a1fbe7000000002903f8c1?xsec_token=ABR_qRZUCrbh65bGd3EAzEkrl5LxCJFfhOqyp5mrP3xf0=&xsec_source=
利用deepseek可以做什么,https://www.xiaohongshu.com/search_result/67eb9e75000000001e003866?xsec_token=ABNhr9DuG8HyVP6lhKZPLywuFKVp8PovkJuS4txR4lTzo=&xsec_source=
利用deepseek可以做什么,https://www.xiaohongshu.com/search_result/67c7e472000000002a000105?xsec_token=AB6uaM26Z0Alv3PeQQh1uyPBcikf6IYAfCxQaYN6scdxg=&xsec_source=
利用deepseek可以做什么,https://www.xiaohongshu.com/search_result/67a48f460000000029027991?xsec_token=ABjKwS33mGhk_vC65NLkrqitvT-Ubtnr8o6Nyyky8DwdU=&xsec_source=
利用deepseek可以做什么,https://www.xiaohongshu.com/search_result/67ab472a000000002900d6c9?xsec_token=ABzDk02vCBPXGj-MskREKepGRlw9NpcFLruHWS1Qh9TkY=&xsec_source=
利用deepseek可以做什么,https://www.xiaohongshu.com/search_result/6832876a0000000023017d66?xsec_token=ABEvARZpS_mAOmFNsVzE2yKAgP3Jjq41hcOGPzhA1yuPY=&xsec_source=
利用deepseek可以做什么,https://www.xiaohongshu.com/search_result/67a2348300000000180091ec?xsec_token=ABAJJMplQwNq0HunBHkoi2D8ihwEoP7QGZ-rcxpCYmwPs=&xsec_source=
利用deepseek可以做什么,https://www.xiaohongshu.com/search_result/683173160000000022026c18?xsec_token=ABnX3uhvUMnsN9akvXC3kStfe6Eu7xzX3ZAjQt7E1mLFM=&xsec_source=
利用deepseek可以做什么,https://www.xiaohongshu.com/search_result/67c57dad0000000029030924?xsec_token=ABBK7mbOKfQcrEEyF6c8hm-_pI62MwEytHkndfmoEhNwM=&xsec_source=
利用deepseek可以做什么,https://www.xiaohongshu.com/search_result/67c6af9700000000290352db?xsec_token=ABhSkXP4wCYVLw9ci15FNWJUgIxG_prCHQYV0oq_hmuPQ=&xsec_source=
利用deepseek可以做什么,https://www.xiaohongshu.com/search_result/681c93590000000022037a66?xsec_token=ABrDRwgT6UHLNO6lqXq5o9uIE9Dyg7AHm9ZqXu8B980O8=&xsec_source=
利用deepseek可以做什么,https://www.xiaohongshu.com/search_result/67b9808f000000000b0142cf?xsec_token=ABwk1VlA4OajBtRwc1niaT8VMMRlBTnJo22eopHDsJAlc=&xsec_source=
利用deepseek可以做什么,https://www.xiaohongshu.com/search_result/682490d20000000023000f8a?xsec_token=AB8HQ7kKQQn5aksGGI35HNMIplu46TCXL5blAYgssIVN0=&xsec_source=
利用deepseek可以做什么,https://www.xiaohongshu.com/search_result/6835be3b000000000c039b77?xsec_token=ABEX93kMXKOgQlJXi4tfORx6t_dsWy7l93a9AacLxdG20=&xsec_source=
利用deepseek可以做什么,https://www.xiaohongshu.com/search_result/67df63ed000000000603e0cd?xsec_token=ABP4SPN1S0_6LOouPVAifEd-RoH0LjC1CYSboD3rwF2fY=&xsec_source=
利用deepseek可以做什么,https://www.xiaohongshu.com/search_result/67d94bae000000001203ce68?xsec_token=AB3mwkjDiIplANAQCN1VRwjhcfuRyMFoBAKtwfJ2WyHdc=&xsec_source=
利用deepseek可以做什么,https://www.xiaohongshu.com/search_result/67a4cc500000000029012aa5?xsec_token=ABjKwS33mGhk_vC65NLkrqir_q_nu6mVJw2yNuDlAe7Oo=&xsec_source=
利用deepseek可以做什么,https://www.xiaohongshu.com/search_result/67ab003a000000001800a12c?xsec_token=ABzDk02vCBPXGj-MskREKepMXW3u_MSPC944kPilK4KsI=&xsec_source=
利用deepseek可以做什么,https://www.xiaohongshu.com/search_result/67c2d752000000000900d8f6?xsec_token=ABDMSFdZ2h8mma3GYw0QPGhQW4N7r2inBUPdUwMBl2SK4=&xsec_source=
利用deepseek可以做什么,https://www.xiaohongshu.com/search_result/683a6a23000000002202448f?xsec_token=ABH9c5fcn4_bPIEy3LyJAU89DY39qscUk_jnaxDcDKaYw=&xsec_source=
利用deepseek可以做什么,https://www.xiaohongshu.com/search_result/67a5c1ab00000000290168ff?xsec_token=ABKrkdj21U3DOHv3IDvbs7VRRBCaFtswvcv5unbXOARKw=&xsec_source=
利用deepseek可以做什么,https://www.xiaohongshu.com/search_result/67a6f0ba00000000290357d0?xsec_token=ABglfpufgkMuJj1V3Lzs9T0IPXWXCYmWKxPbDbWdTdFA0=&xsec_source=
如何用deepseek,https://www.xiaohongshu.com/search_result/67c6be6e000000002a00185c?xsec_token=ABhSkXP4wCYVLw9ci15FNWJX3UKhgx3uNyOUy96dFJPTM=&xsec_source=
如何用deepseek,https://www.xiaohongshu.com/search_result/679bc3c30000000018004451?xsec_token=ABndStxlld9yYYaYHy2VZz7iz3lYWcWCn5pe7IpyG5kdM=&xsec_source=
如何用deepseek,https://www.xiaohongshu.com/search_result/67b7d7f1000000000e0043af?xsec_token=ABULUEezWQErbIu2ULYtmYwgipnBfi0Wvx33KOaOAsCMA=&xsec_source=
如何用deepseek,https://www.xiaohongshu.com/search_result/679a1fc10000000029027b4c?xsec_token=ABvLk883nrEk_N97j9rZnEnW3wEw_WCwA-69Sv1sfhmBE=&xsec_source=
如何用deepseek,https://www.xiaohongshu.com/search_result/67a5cc060000000029010d46?xsec_token=ABKrkdj21U3DOHv3IDvbs7VT5EaPoU3uCS_hKpDO3KrK4=&xsec_source=
如何用deepseek,https://www.xiaohongshu.com/search_result/6798b4d9000000001703b6e9?xsec_token=ABN7E8Lkbtxf-SsVoCKisKImOTVvujdHYWCTPteYpQhgE=&xsec_source=
如何用deepseek,https://www.xiaohongshu.com/search_result/67e13c32000000001203e162?xsec_token=AB-PPZ0A5yxHRcwghV3ju-tc4tpLo-rX7wsB8yuXlSr_Q=&xsec_source=
如何用deepseek,https://www.xiaohongshu.com/search_result/6841660c000000002200500a?xsec_token=ABp_FIxWXjb8XHuEhJWcUXoeaXWN8v9FdKk4f3rq48DIc=&xsec_source=
如何用deepseek,https://www.xiaohongshu.com/search_result/6836cd6c0000000022006f2b?xsec_token=ABddn4_NjpCqcj8xeWyK3wbt4bKdn0tvKj9yQMNmaUwhs=&xsec_source=
如何用deepseek,https://www.xiaohongshu.com/search_result/6810f1b7000000000d014629?xsec_token=ABltR_Aydf28fvjxAIseii1S_iYax6zlQuUgyZKPddNMY=&xsec_source=
如何用deepseek,https://www.xiaohongshu.com/search_result/680a0c3d000000001d002fef?xsec_token=AB4tUZoAM91Om046aINUv-xf-jjS5La9fVFIq-TZJ7a14=&xsec_source=
如何用deepseek,https://www.xiaohongshu.com/search_result/68004688000000001d02641d?xsec_token=ABPMAsNiVQFVjHtEG9V7FjHgRIXD4Hji-CfapLC8PYgDU=&xsec_source=
如何用deepseek,https://www.xiaohongshu.com/search_result/67af4c0e000000002503de9e?xsec_token=ABs_S1t4lKt_BBu7s_Q6lJZmMG6apo1r4TdKzKIjsennc=&xsec_source=
如何用deepseek,https://www.xiaohongshu.com/search_result/683fbf33000000002203447e?xsec_token=ABtvSmqEqjySkFOZXiiAd4g0HZDlXup0hMxmfqE3iAp5Y=&xsec_source=
如何用deepseek,https://www.xiaohongshu.com/search_result/67b3f81c000000000e006d7a?xsec_token=ABfxl8Ah9no4FlwHHpqvnB1AcAC1X4ToOy3Mool5laQwU=&xsec_source=
如何用deepseek,https://www.xiaohongshu.com/search_result/68158d54000000000d01559e?xsec_token=ABXhVde8h2TMvvHT4FFAi4wVPSS_kgwsshKZv-RrQq6DM=&xsec_source=
如何用deepseek,https://www.xiaohongshu.com/search_result/67b68c42000000000603f487?xsec_token=ABsMiNr-g-FUNOJuF5_2dtFkE0itGlBDATLGQepcd16zo=&xsec_source=
如何用deepseek,https://www.xiaohongshu.com/search_result/6821c1af000000002001e717?xsec_token=ABf5UUpl_qtUgASn0-sajBMxn8KBqkUs6jIOTh8M2hUM0=&xsec_source=
如何用deepseek,https://www.xiaohongshu.com/search_result/67b9ce95000000000900f2e8?xsec_token=ABwk1VlA4OajBtRwc1niaT8VcOf4XPFKl6TzZsKIqa-BI=&xsec_source=
如何用deepseek,https://www.xiaohongshu.com/search_result/67b6bc5b000000001201e020?xsec_token=ABsMiNr-g-FUNOJuF5_2dtFhrJ9PLUenUE8cvJZ9Iw0G0=&xsec_source=
如何用deepseek,https://www.xiaohongshu.com/search_result/67a865f9000000002a003472?xsec_token=ABMyzH244ZcBAvvC579oqkrcLMvzc9M2Z4SO3APqI8VaQ=&xsec_source=
如何用deepseek,https://www.xiaohongshu.com/search_result/67a4291e000000002900b9fc?xsec_token=ABjKwS33mGhk_vC65NLkrqigH2l-KAW710dt1JRj-egSI=&xsec_source=
如何用deepseek,https://www.xiaohongshu.com/search_result/68466e510000000022025407?xsec_token=ABvEYSVZR1tL_PUVJHClCHcp_kOOtJS9kpWCR09_h9TtE=&xsec_source=
如何用deepseek,https://www.xiaohongshu.com/search_result/67e2873a000000000b017296?xsec_token=AB6R2tXcuzUjRm3AqF0eHstDz9S7RqaoAIcTUPDy75qI0=&xsec_source=
如何用deepseek,https://www.xiaohongshu.com/search_result/68370696000000001101e570?xsec_token=ABP4I8eYRCa03TxAzZ98iQlc3m3o5Otw9rLOtesUlhRYs=&xsec_source=
如何用deepseek,https://www.xiaohongshu.com/search_result/6832b49e0000000012002737?xsec_token=ABEvARZpS_mAOmFNsVzE2yKEnGr-yzZMOD6jgplwLTr5s=&xsec_source=
如何用deepseek,https://www.xiaohongshu.com/search_result/682af3a100000000120076be?xsec_token=ABVRVLFOXYSKw7S6VncVEh8b-NgBFRW6BJUwWV06ZBlsk=&xsec_source=
如何用deepseek,https://www.xiaohongshu.com/search_result/67c1885f000000001203f56f?xsec_token=ABmY8vHUmu_Mn-ySRZ3GmuliGHV1HreVXtZqPHW8J8588=&xsec_source=
如何用deepseek,https://www.xiaohongshu.com/search_result/679f7115000000001703beb2?xsec_token=AB_dtsmQ_mQtHffZNB-eZh4F0YZGQSD11DWTME5eRunIU=&xsec_source=
如何用deepseek,https://www.xiaohongshu.com/search_result/67b84be6000000000603a7ec?xsec_token=ABGHJbPG9VZmvnld_qWl3_XWIkXnCPqH2BhSc5eOypmyw=&xsec_source=
如何用deepseek,https://www.xiaohongshu.com/search_result/679b9bd3000000001703beed?xsec_token=ABndStxlld9yYYaYHy2VZz7mEuLwZt425Xwjqs7_soRMY=&xsec_source=
如何用deepseek,https://www.xiaohongshu.com/search_result/681c16cb0000000023002255?xsec_token=ABrDRwgT6UHLNO6lqXq5o9uIfnNa6elkkG4pIfnntSXu0=&xsec_source=
如何用deepseek,https://www.xiaohongshu.com/search_result/67964d75000000001703bce0?xsec_token=ABU9DaWmo-yuz6WmCceosl2VUb_uTQeUo6OXK7XczskCg=&xsec_source=
如何用deepseek,https://www.xiaohongshu.com/search_result/67aaa3f0000000001800fe50?xsec_token=ABW6kp8OSEsKECVy-qW0kmMf-gfbvm-5M9F6AX_0aD-kw=&xsec_source=
如何用deepseek,https://www.xiaohongshu.com/search_result/67b95928000000002902b6ed?xsec_token=ABwk1VlA4OajBtRwc1niaT8cMwYK798MVd8U41A3lnEEA=&xsec_source=
如何用deepseek,https://www.xiaohongshu.com/search_result/67a5ee9a000000002901e201?xsec_token=ABKrkdj21U3DOHv3IDvbs7VSpXXrp437qoF0GVP2ka_tI=&xsec_source=
如何用deepseek,https://www.xiaohongshu.com/search_result/679e484f000000001800cb44?xsec_token=AB9pX1_Wd030gjmekQnAjJpPM3Z34rmdk3MJdtjRXBeYM=&xsec_source=
如何用deepseek,https://www.xiaohongshu.com/search_result/6824974f0000000022026833?xsec_token=AB8HQ7kKQQn5aksGGI35HNMEdFqFVHxy16J-3it0RX12g=&xsec_source=
如何用deepseek,https://www.xiaohongshu.com/search_result/67f9f361000000001200c63b?xsec_token=ABJlY_0D_7F_In2dhKl4VjxvubzQ9aBTKxpkfUqtgxgK4=&xsec_source=
如何用deepseek,https://www.xiaohongshu.com/search_result/67e188b4000000000d014aed?xsec_token=AB-PPZ0A5yxHRcwghV3ju-tWgZdKIffobl2t3LCQrxSHI=&xsec_source=
如何用deepseek,https://www.xiaohongshu.com/search_result/67ff811f000000001d023adc?xsec_token=ABtSxkRo79IzNjF7lTZkd8296S1u6XzH9IMXU7dhplZUQ=&xsec_source=
如何用deepseek,https://www.xiaohongshu.com/search_result/67cb1fd3000000002a00c2e0?xsec_token=ABGWSRY8HyPKfM6HeerYvBo3FdFrRTfQndWMA_dKP5eoM=&xsec_source=
如何用deepseek,https://www.xiaohongshu.com/search_result/67b1ec6e000000002901a05b?xsec_token=ABut56q_PE1hzAV8lRI6T-cRHy2-BIQFRo9oAsfzHo_bs=&xsec_source=
如何用deepseek,https://www.xiaohongshu.com/search_result/67ea2d85000000000b02e5a6?xsec_token=ABzAWEJfWgUMABsg7JP8GXWAHcE9WS06D5xr1yCel_IDI=&xsec_source=
如何用deepseek,https://www.xiaohongshu.com/search_result/67fdf2ad000000001b03ac8e?xsec_token=ABTJv3F7KFgXmTApfV3c2dht9ODuyawt8kQdqWdvSncF4=&xsec_source=
如何用deepseek,https://www.xiaohongshu.com/search_result/67f53e2a000000000b02e745?xsec_token=ABeDPyfoetGDWCnMEKoLt-tPLi2cIlxw8VhxkVjiB-isQ=&xsec_source=
如何用deepseek,https://www.xiaohongshu.com/search_result/67e26f66000000001c00edd9?xsec_token=AB6R2tXcuzUjRm3AqF0eHstA0_nMN_9oDSLwn0KdSm0hQ=&xsec_source=
如何用deepseek,https://www.xiaohongshu.com/search_result/67a61987000000002a000a52?xsec_token=ABglfpufgkMuJj1V3Lzs9T0CZQ_OtD8h4eNccJGpEo1mg=&xsec_source=
如何用deepseek,https://www.xiaohongshu.com/search_result/67c3d9f10000000006028302?xsec_token=ABYDJO8GKUsdqRXW166izUcU9UPvB55Y4czYeyUixhA5w=&xsec_source=
如何用deepseek,https://www.xiaohongshu.com/search_result/67ab3d3c0000000028034a43?xsec_token=ABzDk02vCBPXGj-MskREKepN6gAr5tiScOr9DH-fyyoRU=&xsec_source=
如何用deepseek,https://www.xiaohongshu.com/search_result/68410bcf0000000021008204?xsec_token=ABp_FIxWXjb8XHuEhJWcUXoZFQbI24ZqAPMJh9ywQOfyc=&xsec_source=
如何用deepseek,https://www.xiaohongshu.com/search_result/6798ccb3000000001800b428?xsec_token=ABN7E8Lkbtxf-SsVoCKisKInC3AFoCsP4LNcWs2k-PnfA=&xsec_source=
如何用deepseek,https://www.xiaohongshu.com/search_result/681a3d920000000012002cce?xsec_token=ABSrJNNtmbKzuxf8DWffxzk_9-G-jA84G0TrNp5feFC7Q=&xsec_source=
如何用deepseek,https://www.xiaohongshu.com/search_result/67ac0c4400000000180124a4?xsec_token=ABSjGucmA1eLLwJmjKGsHQHlIvdikD9geXMhucEHmlI7c=&xsec_source=
如何用deepseek,https://www.xiaohongshu.com/search_result/67dbd04c000000001201fe33?xsec_token=ABM3pJOa03ZwPFNkrQoAVdV5Dtrw7Utp7HE4Yr5f_K3pM=&xsec_source=
如何用deepseek,https://www.xiaohongshu.com/search_result/67a057a1000000002903f6ec?xsec_token=ABYIyBPfEfOxm_9d3efJcGxQ1G9P1VkTa3L8xqYpJm4d4=&xsec_source=
如何用deepseek,https://www.xiaohongshu.com/search_result/67c2d181000000000302913a?xsec_token=ABDMSFdZ2h8mma3GYw0QPGhRvsfeKWw3E5-EqDq26fXps=&xsec_source=
如何用deepseek,https://www.xiaohongshu.com/search_result/67b835fe000000002803d311?xsec_token=ABGHJbPG9VZmvnld_qWl3_Xewk9lOCMpoJdbZdyuri7mw=&xsec_source=
如何用deepseek,https://www.xiaohongshu.com/search_result/67d6d172000000000b0167af?xsec_token=ABj4VaQCH2WGryTH78cYeHxPPkrBl-fry3trU9ZsvF5Oc=&xsec_source=
如何用deepseek,https://www.xiaohongshu.com/search_result/67b9808f000000000b0142cf?xsec_token=ABwk1VlA4OajBtRwc1niaT8VMMRlBTnJo22eopHDsJAlc=&xsec_source=
如何用deepseek,https://www.xiaohongshu.com/search_result/67c052cd000000002901e2c1?xsec_token=ABgvv-YY9ZtCiH_aWkseiryLkcieFkGO7IwxhMlhdim6U=&xsec_source=
如何用deepseek,https://www.xiaohongshu.com/search_result/67a1faf4000000002803736a?xsec_token=ABR_qRZUCrbh65bGd3EAzEkv_EAmaw0eT8BEslopDAdqw=&xsec_source=
如何用deepseek,https://www.xiaohongshu.com/search_result/67a2f07b00000000290123e2?xsec_token=ABAJJMplQwNq0HunBHkoi2Dw_mIzpjulhkMDYFNE1c_3U=&xsec_source=
如何用deepseek,https://www.xiaohongshu.com/search_result/67aef8a90000000029017df7?xsec_token=ABBMAyhj7ukkFE4KJ2r72gkh-ZKfX9W9uHQLFcPI1lzYM=&xsec_source=
如何用deepseek,https://www.xiaohongshu.com/search_result/67d0c8e20000000009017c03?xsec_token=ABZOHZJd6XWN5dOFz0-QyGpyLcq76jvxClJyUk3_2ZCP8=&xsec_source=
如何用deepseek,https://www.xiaohongshu.com/search_result/67ba0126000000000302865a?xsec_token=ABNrXkWjGnoTotb7qK196dbBqlHpoKXoT6KAZb8uZvmSE=&xsec_source=
如何用deepseek,https://www.xiaohongshu.com/search_result/6831239e000000001200619c?xsec_token=ABnX3uhvUMnsN9akvXC3kStVWG4LsysiXoryRLbps1n0U=&xsec_source=
如何用deepseek,https://www.xiaohongshu.com/search_result/67b60c7d000000002903e2a0?xsec_token=ABsMiNr-g-FUNOJuF5_2dtFko3dY2RSURIkDdW5j9Qfp8=&xsec_source=
如何用deepseek,https://www.xiaohongshu.com/search_result/67aa0e7b000000002902cc91?xsec_token=ABW6kp8OSEsKECVy-qW0kmMRprtoZ6wRjs6HZpiOrbznQ=&xsec_source=
如何用deepseek,https://www.xiaohongshu.com/search_result/6810554a00000000070357cb?xsec_token=ABltR_Aydf28fvjxAIseii1fXeKz5VavZSe7juGjJhYkg=&xsec_source=
如何用deepseek,https://www.xiaohongshu.com/search_result/67c5af3f0000000029012e0f?xsec_token=ABBK7mbOKfQcrEEyF6c8hm-9zEGR-UnCazR2ssUkCA5bQ=&xsec_source=
如何用deepseek,https://www.xiaohongshu.com/search_result/67ab06a9000000002503cace?xsec_token=ABzDk02vCBPXGj-MskREKepIBQBTcs69kcvzJEV9xxBf0=&xsec_source=
如何用deepseek,https://www.xiaohongshu.com/search_result/67bc7d04000000000e004d1e?xsec_token=AB5g7jvyd44N1PQ1ryg3wDR8TWxf_8Q9pq8TlSKxSU8Pc=&xsec_source=
如何用deepseek,https://www.xiaohongshu.com/search_result/67b06b250000000018008c5f?xsec_token=AB84wRMbia3dxiJbwbDYvASqcjz5clOzEn3t04x7Fm7b8=&xsec_source=
如何用deepseek,https://www.xiaohongshu.com/search_result/67f9e3f8000000001c02a3d1?xsec_token=ABJlY_0D_7F_In2dhKl4VjxnXd6vK9ZMv475-WKdLmYDs=&xsec_source=
如何用deepseek,https://www.xiaohongshu.com/search_result/67b7611b000000000603c278?xsec_token=ABULUEezWQErbIu2ULYtmYwl_It5CgeMoC-anyz5fu_h8=&xsec_source=
如何用deepseek,https://www.xiaohongshu.com/search_result/67a64a160000000018010202?xsec_token=ABglfpufgkMuJj1V3Lzs9T0Jal5bR9mDcwvQPIyz90Hjc=&xsec_source=
如何用deepseek,https://www.xiaohongshu.com/search_result/67b44926000000002900901b?xsec_token=ABw_KMHpjGH4bw5sESGPUHEZacklHvhrYhohXo16Udk4k=&xsec_source=
如何用deepseek,https://www.xiaohongshu.com/search_result/67977bd00000000018005e82?xsec_token=AB77K92PSw3MA0681jwSjkZyKIfLaMMVppYyekxpMVLFE=&xsec_source=
如何用deepseek,https://www.xiaohongshu.com/search_result/67b94d72000000000900e880?xsec_token=ABwk1VlA4OajBtRwc1niaT8cFNG3O8HBNX3E8aDfYIi8o=&xsec_source=
如何用deepseek,https://www.xiaohongshu.com/search_result/67a9d86b00000000180040ce?xsec_token=ABqfMfyUYfb0tV-WJ6FgedKxML-kQtYgmWbcW-ljcetW0=&xsec_source=
如何用deepseek,https://www.xiaohongshu.com/search_result/68070ed30000000009016812?xsec_token=ABrsx2wR40Z7CyK5tVWZKn47oc5Sw5Bjxeb5h8_bm1XYY=&xsec_source=
如何用deepseek,https://www.xiaohongshu.com/search_result/67b44810000000000603e456?xsec_token=ABw_KMHpjGH4bw5sESGPUHEUW0ZSTY0b2WzQUPOa04Md8=&xsec_source=
如何用deepseek,https://www.xiaohongshu.com/search_result/6821afbf0000000021007d47?xsec_token=ABf5UUpl_qtUgASn0-sajBMzRbpj7QzzNf2SO6tn8veFw=&xsec_source=
如何用deepseek,https://www.xiaohongshu.com/search_result/6844f4ce0000000012006c15?xsec_token=AB1T6dbPX2gmn-CK66mcf6oNqD0o3I-CZoUwZfGaElxQk=&xsec_source=
如何用deepseek,https://www.xiaohongshu.com/search_result/679f8ab20000000029028721?xsec_token=AB_dtsmQ_mQtHffZNB-eZh4P8AK2iWgALal66BwP1U308=&xsec_source=
如何用deepseek,https://www.xiaohongshu.com/search_result/67c92451000000002901c3ed?xsec_token=ABS2TjPybzZE2081NvbxlZd1CLIiV7XfcCbT6ErHyEPTU=&xsec_source=
如何用deepseek,https://www.xiaohongshu.com/search_result/679494a500000000290374ae?xsec_token=AB5gC5CYghBKhzIms247v1y4q87VgLJKOdlzDxq4NNu6M=&xsec_source=
如何用deepseek,https://www.xiaohongshu.com/search_result/6826b6ce000000002202e471?xsec_token=ABEuJ4_P_X0WbEVqWVCGhLTezkPJpU2sSxXIJ375m9NTI=&xsec_source=
如何用deepseek,https://www.xiaohongshu.com/search_result/68466c0a0000000023001186?xsec_token=ABvEYSVZR1tL_PUVJHClCHcjiISt9zPqeXKQUTAk1Ec-o=&xsec_source=
如何用deepseek,https://www.xiaohongshu.com/search_result/67a58037000000002802b3cd?xsec_token=ABKrkdj21U3DOHv3IDvbs7VZEMlVA5gQqEyhIdrNAp_7M=&xsec_source=
如何用deepseek,https://www.xiaohongshu.com/search_result/67ba9495000000000d014853?xsec_token=ABNrXkWjGnoTotb7qK196dbKnosLCUmzigzfuwVokauBM=&xsec_source=
如何用deepseek,https://www.xiaohongshu.com/search_result/67e4c68d0000000009014745?xsec_token=ABH9CQm4cSA6hmpsK-10BQLIX8g4gI7D0KLc9-R2KLfPE=&xsec_source=
如何用deepseek,https://www.xiaohongshu.com/search_result/6833e452000000000f03a2d7?xsec_token=ABhQ2dM5-Bm2Nlw9jGJUnVEqZ00YcrdJ8GqVBu3Z3gTsc=&xsec_source=
如何用deepseek,https://www.xiaohongshu.com/search_result/67a64582000000001902cc64?xsec_token=ABglfpufgkMuJj1V3Lzs9T0KV8dPQytn7odUAwwL5Nmow=&xsec_source=
如何用deepseek,https://www.xiaohongshu.com/search_result/67a1631e0000000029039ece?xsec_token=ABR_qRZUCrbh65bGd3EAzEkphYMAi9uPdD7pEF0Dmpnks=&xsec_source=
如何用deepseek,https://www.xiaohongshu.com/search_result/67c1a845000000000903b674?xsec_token=ABmY8vHUmu_Mn-ySRZ3Gmulmws3sUZowvF1oGsSBk2-t0=&xsec_source=
如何用deepseek,https://www.xiaohongshu.com/search_result/67cc1c87000000000b015f43?xsec_token=ABdgL9mEqob5Xf8d7onTRH3vxSafoUIdBbkwQnNZDeciY=&xsec_source=
如何用deepseek,https://www.xiaohongshu.com/search_result/680461cc000000001c00b551?xsec_token=ABp6Jvs5gXIO-Xo2woW7lv8Fzz2C5GkUVxypOQOlI6EQk=&xsec_source=
如何用deepseek,https://www.xiaohongshu.com/search_result/67c6ba8a000000002900823c?xsec_token=ABhSkXP4wCYVLw9ci15FNWJYwhd9ErCiYigN-n6KPQpyc=&xsec_source=
如何用deepseek,https://www.xiaohongshu.com/search_result/67b4936c000000000e0079e7?xsec_token=ABw_KMHpjGH4bw5sESGPUHEV9HkcFoPtaM7taZhzL5Dkc=&xsec_source=
如何用deepseek,https://www.xiaohongshu.com/search_result/67d18022000000000900e227?xsec_token=AB8Gg82E_WiA_aIP-pzZrcLpzNA8g9bFYUGASn6NxdP-s=&xsec_source=
如何用deepseek,https://www.xiaohongshu.com/search_result/67be9eed000000002900c04c?xsec_token=AB0Uq2ii5DrarMN7zBEgl8_Fp20h8zYKo2xtyirrvgu5c=&xsec_source=
如何用deepseek,https://www.xiaohongshu.com/search_result/67a64b77000000001800d967?xsec_token=ABglfpufgkMuJj1V3Lzs9T0Hsg3J1_SC8Zeg9BxToWrKM=&xsec_source=
如何用deepseek,https://www.xiaohongshu.com/search_result/67ac793f0000000018005bb9?xsec_token=ABSjGucmA1eLLwJmjKGsHQHiaO5bXMkmjlSZpEE_Pm8aY=&xsec_source=
如何用deepseek,https://www.xiaohongshu.com/search_result/67a554e10000000028028481?xsec_token=ABKrkdj21U3DOHv3IDvbs7VXFM_tbCapKbJO9MEojCPF8=&xsec_source=
如何用deepseek,https://www.xiaohongshu.com/search_result/67eca28f000000001c00b8d8?xsec_token=AB9Al1uL5eyIz5pPnmq8MBo5ec0uy4pXIaT71YivHiY8M=&xsec_source=
如何用deepseek,https://www.xiaohongshu.com/search_result/68466115000000000f03a177?xsec_token=ABvEYSVZR1tL_PUVJHClCHcgXyQ4Pe0NAmqvzR7Ydis3I=&xsec_source=
如何用deepseek,https://www.xiaohongshu.com/search_result/67c90c99000000000e004651?xsec_token=ABS2TjPybzZE2081NvbxlZd2HvLQ38hVB6ZP45WYX5u_c=&xsec_source=
如何用deepseek,https://www.xiaohongshu.com/search_result/67f338e4000000001e00ba06?xsec_token=ABtvDVlo7tBCCT5FFKsLdytutQ9NYYWa6TwzZE-5_uzJg=&xsec_source=
当我用 DeepSeek抽盲盒,https://www.xiaohongshu.com/search_result/67bab459000000001203e0f7?xsec_token=ABNrXkWjGnoTotb7qK196dbANGUdHeehR64tS9SVZEKbE=&xsec_source=
当我用 DeepSeek抽盲盒,https://www.xiaohongshu.com/search_result/67b9bbe4000000000e0049fa?xsec_token=ABwk1VlA4OajBtRwc1niaT8XVKEz21LumLHgZVMxnQGvc=&xsec_source=
当我用 DeepSeek抽盲盒,https://www.xiaohongshu.com/search_result/67ac9caf000000002900c6f2?xsec_token=ABSjGucmA1eLLwJmjKGsHQHrpjL7-FuKGI6KkWOqhyjIQ=&xsec_source=
当我用 DeepSeek抽盲盒,https://www.xiaohongshu.com/search_result/67b42ed50000000009017ed4?xsec_token=ABw_KMHpjGH4bw5sESGPUHEQT61drA8ruzD9FZujag_8M=&xsec_source=
当我用 DeepSeek抽盲盒,https://www.xiaohongshu.com/search_result/67c5cbf1000000000602a0bf?xsec_token=ABBK7mbOKfQcrEEyF6c8hm-0KgRnL1JHQvtXXfepR2dXI=&xsec_source=
当我用 DeepSeek抽盲盒,https://www.xiaohongshu.com/search_result/67b545a900000000090385a1?xsec_token=ABHaYqgYA8UstQW99Ea66h8ufxYsUROoPI7imqR5FIIMk=&xsec_source=
当我用 DeepSeek抽盲盒,https://www.xiaohongshu.com/search_result/67d469be000000001c03f1f7?xsec_token=ABQEPT4ztKCuOi9KDiOEFlm--bTU_DVxk8xyo-56OEdCw=&xsec_source=
当我用 DeepSeek抽盲盒,https://www.xiaohongshu.com/search_result/67e399cc000000001d020edf?xsec_token=ABpesKi9G_JuRlFQfllHrYPmNIh-Uu19kqnJ8JxsIAm8w=&xsec_source=
当我用 DeepSeek抽盲盒,https://www.xiaohongshu.com/search_result/67a7445e000000002902e584?xsec_token=ABWZ9aF1KeS7MIse73MAYE7Wr-0yH1k2NdW-nxJ2ZxUjs=&xsec_source=
当我用 DeepSeek抽盲盒,https://www.xiaohongshu.com/search_result/67c0a6e6000000001201ee90?xsec_token=ABgvv-YY9ZtCiH_aWkseiryL6WwrAR2LGlfiEDPOLobbA=&xsec_source=
当我用 DeepSeek抽盲盒,https://www.xiaohongshu.com/search_result/67b855d1000000002602e3c5?xsec_token=ABGHJbPG9VZmvnld_qWl3_XW8rAvzpxNWQJxgLQXGaGbY=&xsec_source=
当我用 DeepSeek抽盲盒,https://www.xiaohongshu.com/search_result/67c2ff04000000002902aace?xsec_token=ABDMSFdZ2h8mma3GYw0QPGheZa76R4c01T4E7oulYffIc=&xsec_source=
当我用 DeepSeek抽盲盒,https://www.xiaohongshu.com/search_result/67be8218000000002602df02?xsec_token=AB0Uq2ii5DrarMN7zBEgl8_BpW1Lbnxc0a7cpT_sCkplo=&xsec_source=
当我用 DeepSeek抽盲盒,https://www.xiaohongshu.com/search_result/67bbc87f000000000703778c?xsec_token=ABxwVpwdY3D1-rFofx1AQ-ac5Cfs01KOH9IcO9exJi_vs=&xsec_source=
当我用 DeepSeek抽盲盒,https://www.xiaohongshu.com/search_result/67f10c46000000000b01ffdd?xsec_token=AB53EnvrxyMdrgksd_iT43Anqx7p_0eVGJfmHWfDIjSz8=&xsec_source=
当我用 DeepSeek抽盲盒,https://www.xiaohongshu.com/search_result/67af2762000000002903486a?xsec_token=ABs_S1t4lKt_BBu7s_Q6lJZqqdpcMPWFf2Kym9swifosA=&xsec_source=
当我用 DeepSeek抽盲盒,https://www.xiaohongshu.com/search_result/68284197000000002202a611?xsec_token=ABAgM4ZvaCiS5_ORxaCoWYT6bvbBWv2cmIrBK9mRrSC7c=&xsec_source=
当我用 DeepSeek抽盲盒,https://www.xiaohongshu.com/search_result/67e7f89f0000000009039f44?xsec_token=ABD4mJdAvMv16f5vj0-1F1ueGXzCRFhzbHbIsrRPj7ElY=&xsec_source=
当我用 DeepSeek抽盲盒,https://www.xiaohongshu.com/search_result/67cc014d000000000603b603?xsec_token=ABdgL9mEqob5Xf8d7onTRH3tXjGugprNWM6o2vXxyF9J4=&xsec_source=
当我用 DeepSeek抽盲盒,https://www.xiaohongshu.com/search_result/67ef7abf000000000b01e2b9?xsec_token=ABtO2uiTfwN5AYaK2TSlLJ-9bl3znZXnAxKe2LHze7jsM=&xsec_source=
当我用 DeepSeek抽盲盒,https://www.xiaohongshu.com/search_result/67bfbd8d000000000b0145c9?xsec_token=AB25Mb6QiYfqUZ8hncebvI8KP2dADS-N6H-Yoomr00lco=&xsec_source=
当我用 DeepSeek抽盲盒,https://www.xiaohongshu.com/search_result/6819cd06000000002300c1f2?xsec_token=ABxAr5aY7sYa04QbzjZAAft_010fv4pPflE4FinM5sZFU=&xsec_source=
当我用 DeepSeek抽盲盒,https://www.xiaohongshu.com/search_result/6808d65b000000001b03d840?xsec_token=ABe2f5KyQPHprvPdUEAZckr4s8apnl3yOXUokqO0u3KkI=&xsec_source=
当我用 DeepSeek抽盲盒,https://www.xiaohongshu.com/search_result/67e9e9ca000000001c00702f?xsec_token=AB3dAvZ2Zz4c_4-6MOQSf9JcmWbUlhrv0n3SsB3D7lXSQ=&xsec_source=
当我用 DeepSeek抽盲盒,https://www.xiaohongshu.com/search_result/67d185960000000006029197?xsec_token=AB8Gg82E_WiA_aIP-pzZrcLsf2LmVGeglp2IV7HNpb6cU=&xsec_source=
当我用 DeepSeek抽盲盒,https://www.xiaohongshu.com/search_result/67a766060000000018005284?xsec_token=ABWZ9aF1KeS7MIse73MAYE7b0VxEz_BB8gyoovld1h0Yg=&xsec_source=
当我用 DeepSeek抽盲盒,https://www.xiaohongshu.com/search_result/680829cf000000000b02d8f2?xsec_token=ABe2f5KyQPHprvPdUEAZckr-sngzL43jVA4kkNx2jnevU=&xsec_source=
当我用 DeepSeek抽盲盒,https://www.xiaohongshu.com/search_result/67c59cc3000000002602f724?xsec_token=ABBK7mbOKfQcrEEyF6c8hm--ErH-t6O7G66CcpTrKv8dE=&xsec_source=
当我用 DeepSeek抽盲盒,https://www.xiaohongshu.com/search_result/67cbd8220000000029017586?xsec_token=ABGWSRY8HyPKfM6HeerYvBo30zcMePdzI09hPbZLEgqik=&xsec_source=
当我用 DeepSeek抽盲盒,https://www.xiaohongshu.com/search_result/67b677ba000000002903a6ed?xsec_token=ABsMiNr-g-FUNOJuF5_2dtFhEfZOjsDMOvwsePH6r2f9A=&xsec_source=
当我用 DeepSeek抽盲盒,https://www.xiaohongshu.com/search_result/67b08aff000000002900fcdd?xsec_token=AB84wRMbia3dxiJbwbDYvASrGCMUF-LnOgJpoRJ92dGI4=&xsec_source=
当我用 DeepSeek抽盲盒,https://www.xiaohongshu.com/search_result/67a63d8f000000002900ff9f?xsec_token=ABglfpufgkMuJj1V3Lzs9T0DkK3errpwl-CJtyJtHe_SI=&xsec_source=
当我用 DeepSeek抽盲盒,https://www.xiaohongshu.com/search_result/67a80f60000000002901e3ef?xsec_token=ABMyzH244ZcBAvvC579oqkrYrHdAWpxO1j1boCeX6VAm8=&xsec_source=
当我用 DeepSeek抽盲盒,https://www.xiaohongshu.com/search_result/67b842290000000029035fcb?xsec_token=ABGHJbPG9VZmvnld_qWl3_XRh6ePOspfCzaAaX2PFITSM=&xsec_source=
当我用 DeepSeek抽盲盒,https://www.xiaohongshu.com/search_result/67baf28d0000000006039c26?xsec_token=ABNrXkWjGnoTotb7qK196dbH8FKab3k-bLDX2mixglLYw=&xsec_source=
当我用 DeepSeek抽盲盒,https://www.xiaohongshu.com/search_result/67b87dc00000000009038f60?xsec_token=ABGHJbPG9VZmvnld_qWl3_XQItN7e5mO_LOPo5cDnF6NM=&xsec_source=
当我用 DeepSeek抽盲盒,https://www.xiaohongshu.com/search_result/67db9906000000001b03f009?xsec_token=ABM3pJOa03ZwPFNkrQoAVdV3LnyxicMWvPLcnxdwIOocc=&xsec_source=
当我用 DeepSeek抽盲盒,https://www.xiaohongshu.com/search_result/67addc81000000002900c876?xsec_token=ABlBzZaql97jYOowVYK32_14691nilKgz4wX1DyvsvYLM=&xsec_source=
当我用 DeepSeek抽盲盒,https://www.xiaohongshu.com/search_result/67b1dbb7000000002901e45c?xsec_token=ABut56q_PE1hzAV8lRI6T-cTfeF6grw6EEylM0e83X2UI=&xsec_source=
当我用 DeepSeek抽盲盒,https://www.xiaohongshu.com/search_result/67d2d92a0000000007034289?xsec_token=ABXIrGO7z4uzToas3GGO_VraT5Z2xB3KWzQs7X8beoXIo=&xsec_source=
当我用 DeepSeek抽盲盒,https://www.xiaohongshu.com/search_result/6811bc92000000002102dc49?xsec_token=ABZbIW0WUinMz_irTL07fdW444oj36JqdSKHtI4CPE-7c=&xsec_source=
当我用 DeepSeek抽盲盒,https://www.xiaohongshu.com/search_result/67dc1d9d000000001203f278?xsec_token=AB4IolwKVIQb1LGn1FBcktG_T5MN_ZzatGq54_fDxXHSc=&xsec_source=
当我用 DeepSeek抽盲盒,https://www.xiaohongshu.com/search_result/67a73b28000000002902c75f?xsec_token=ABWZ9aF1KeS7MIse73MAYE7YmFChRtxgXBfh4HP_icJFo=&xsec_source=
当我用 DeepSeek抽盲盒,https://www.xiaohongshu.com/search_result/67b33d5d000000002903eaae?xsec_token=ABfxl8Ah9no4FlwHHpqvnB1EKzCOSfkZWozaf_4YBQnEw=&xsec_source=
当我用 DeepSeek抽盲盒,https://www.xiaohongshu.com/search_result/67c1a14c000000001201e427?xsec_token=ABmY8vHUmu_Mn-ySRZ3GmultrSF2zF6UxudVZTqdRmTKo=&xsec_source=
当我用 DeepSeek抽盲盒,https://www.xiaohongshu.com/search_result/67cdb42d000000001201e956?xsec_token=ABRmaKWTFZI37FiMJwRbcSrL8SppMOpLzNHsTMnoYEc9M=&xsec_source=
当我用 DeepSeek抽盲盒,https://www.xiaohongshu.com/search_result/67b9830a000000000e0044b0?xsec_token=ABwk1VlA4OajBtRwc1niaT8ewpwNfyy1yEh5g4z1PGUh4=&xsec_source=
当我用 DeepSeek抽盲盒,https://www.xiaohongshu.com/search_result/67a45df6000000001801875a?xsec_token=ABjKwS33mGhk_vC65NLkrqilQripw_a9Vr_lVc1QRVLk4=&xsec_source=
当我用 DeepSeek抽盲盒,https://www.xiaohongshu.com/search_result/67a0f934000000002503dcb7?xsec_token=ABYIyBPfEfOxm_9d3efJcGxSspIxSjKENKpd6YX15A3_0=&xsec_source=
当我用 DeepSeek抽盲盒,https://www.xiaohongshu.com/search_result/67a9ccc0000000001701dd9f?xsec_token=ABqfMfyUYfb0tV-WJ6FgedK7bKwECo_0kVGHu0xS32TB4=&xsec_source=
当我用 DeepSeek抽盲盒,https://www.xiaohongshu.com/search_result/67a8220c000000002902cb4e?xsec_token=ABMyzH244ZcBAvvC579oqkrf9ZxitqbrhgnRYc_Xj376A=&xsec_source=
当我用 DeepSeek抽盲盒,https://www.xiaohongshu.com/search_result/67cf0179000000000900cf04?xsec_token=ABwLtCdhPjrmhdFsob0smDGXCSsQWL6mmu-B6imf71Nm8=&xsec_source=
当我用 DeepSeek抽盲盒,https://www.xiaohongshu.com/search_result/67a74ad4000000002a00c673?xsec_token=ABWZ9aF1KeS7MIse73MAYE7fkTCrowjbCiSwcgcEkpy2M=&xsec_source=
当我用 DeepSeek抽盲盒,https://www.xiaohongshu.com/search_result/67b89069000000002903a6eb?xsec_token=ABGHJbPG9VZmvnld_qWl3_XfD5uQNoS9dn9DVCwiLko_w=&xsec_source=
当我用 DeepSeek抽盲盒,https://www.xiaohongshu.com/search_result/67c8e9e6000000002503e526?xsec_token=AB7jc6w7XWkh-y9uZe7G4hkAO-W5nE_G0AGXbN4cAYedk=&xsec_source=
当我用 DeepSeek抽盲盒,https://www.xiaohongshu.com/search_result/67c5ba120000000007035ea5?xsec_token=ABBK7mbOKfQcrEEyF6c8hm-2deyY2x4chRppN08K2Wrsg=&xsec_source=
当我用 DeepSeek抽盲盒,https://www.xiaohongshu.com/search_result/67b539930000000029038388?xsec_token=ABHaYqgYA8UstQW99Ea66h8grGByBVqvl-wR7nwWr6wRg=&xsec_source=
当我用 DeepSeek抽盲盒,https://www.xiaohongshu.com/search_result/67dae75e000000001b03dbe0?xsec_token=ABQMCkDeQzQKGdPlEophBi0MMX7433IUsADIRcOsU95jM=&xsec_source=
当我用 DeepSeek抽盲盒,https://www.xiaohongshu.com/search_result/67e770ba000000000f038b70?xsec_token=ABD4mJdAvMv16f5vj0-1F1uc6GtCiyAwZjbbuBrq_tBCQ=&xsec_source=
当我用 DeepSeek抽盲盒,https://www.xiaohongshu.com/search_result/67b99007000000002803eba6?xsec_token=ABwk1VlA4OajBtRwc1niaT8TbQH5_srBocn214J7XUo-I=&xsec_source=
当我用 DeepSeek抽盲盒,https://www.xiaohongshu.com/search_result/67fa7c5c000000000900dfc9?xsec_token=ABuLfKyAsvNKaN5l64K8jM5DnTP7_kCZu-Xhy21g_19Cg=&xsec_source=
当我用 DeepSeek抽盲盒,https://www.xiaohongshu.com/search_result/68220663000000002100d8ed?xsec_token=ABvm4ODUD4Zg9eo2qryOxiXhXCZvTDEZX50f08kAKtDlg=&xsec_source=
当我用 DeepSeek抽盲盒,https://www.xiaohongshu.com/search_result/67dd0676000000000e004cd6?xsec_token=ABaMKXlSCG05vCrpPB9v2uqXVSHRbTOPFd1jPDJxQ4V4o=&xsec_source=
当我用 DeepSeek抽盲盒,https://www.xiaohongshu.com/search_result/68443030000000002300c5be?xsec_token=AB1T6dbPX2gmn-CK66mcf6oFz6HiL5m948Xn1BmqyoJ34=&xsec_source=
当我用 DeepSeek抽盲盒,https://www.xiaohongshu.com/search_result/67d10260000000002803c47e?xsec_token=AB8Gg82E_WiA_aIP-pzZrcLjWmEUDTh5ZywYIRTReeZVw=&xsec_source=
当我用 DeepSeek抽盲盒,https://www.xiaohongshu.com/search_result/67c7a4780000000007034853?xsec_token=AB6uaM26Z0Alv3PeQQh1uyPH8lMWCNwkijc1vFZyFLT1w=&xsec_source=
当我用 DeepSeek抽盲盒,https://www.xiaohongshu.com/search_result/67d99b300000000009039013?xsec_token=AB3mwkjDiIplANAQCN1VRwjv7pSumUgPaNq_GxjKbng28=&xsec_source=
当我用 DeepSeek抽盲盒,https://www.xiaohongshu.com/search_result/67c2ce45000000002803da8f?xsec_token=ABDMSFdZ2h8mma3GYw0QPGhdNZoALpNW0_Hx2Zw_Y0Ej4=&xsec_source=
当我用 DeepSeek抽盲盒,https://www.xiaohongshu.com/search_result/67decdee000000001201d3fc?xsec_token=ABHHKtegc2MuW4qPa8oaCtMP_HWVmTm28yMZcmxFohg7Q=&xsec_source=
当我用 DeepSeek抽盲盒,https://www.xiaohongshu.com/search_result/67a8a14f00000000290291fb?xsec_token=ABMyzH244ZcBAvvC579oqkrUGogF7VS3J_FBVTwkcTpWo=&xsec_source=
当我用 DeepSeek抽盲盒,https://www.xiaohongshu.com/search_result/67abf62a0000000018010a47?xsec_token=ABzDk02vCBPXGj-MskREKepGKDNFFJyjfh3ic0NPs0vLs=&xsec_source=
当我用 DeepSeek抽盲盒,https://www.xiaohongshu.com/search_result/67bf007a0000000009039f5c?xsec_token=AB25Mb6QiYfqUZ8hncebvI8HEimJ1qQGWDMs5l6nkYyU0=&xsec_source=
当我用 DeepSeek抽盲盒,https://www.xiaohongshu.com/search_result/67f67a51000000001a00573f?xsec_token=ABOZAJ2yUjilIOAyHsVdfs0eB2-rMCjclm6hidVi_ubRI=&xsec_source=
当我用 DeepSeek抽盲盒,https://www.xiaohongshu.com/search_result/67b7ebeb000000002903792a?xsec_token=ABULUEezWQErbIu2ULYtmYwkYFk8E6RhnxiC9UW1jg-3Y=&xsec_source=
当我用 DeepSeek抽盲盒,https://www.xiaohongshu.com/search_result/67d00c520000000029008e35?xsec_token=ABZOHZJd6XWN5dOFz0-QyGp__YtXeQhWd7m1v1RZzs-wg=&xsec_source=
当我用 DeepSeek抽盲盒,https://www.xiaohongshu.com/search_result/67ae058c000000001800c018?xsec_token=ABBMAyhj7ukkFE4KJ2r72gkokKjqrd-2VIupW3aWwDIlU=&xsec_source=
当我用 DeepSeek抽盲盒,https://www.xiaohongshu.com/search_result/67c296bc0000000003028593?xsec_token=ABDMSFdZ2h8mma3GYw0QPGhc-oKjfsyI4QCg4b4xvKg1o=&xsec_source=
当我用 DeepSeek抽盲盒,https://www.xiaohongshu.com/search_result/67b9a7220000000029036373?xsec_token=ABwk1VlA4OajBtRwc1niaT8WHkV7mzuFcvzJjwGvmSUuY=&xsec_source=
当我用 DeepSeek抽盲盒,https://www.xiaohongshu.com/search_result/67bddb01000000000e004f3c?xsec_token=ABfT8DDpsZfFDQU9B-k3AP3x3qFpLaeXHW6o5_KOLWYBc=&xsec_source=
当我用 DeepSeek抽盲盒,https://www.xiaohongshu.com/search_result/6825b764000000002100bd9f?xsec_token=AB-LB9vlBj-XGtmNJtb6sD6ANT4n7aIFbf8N40r6fNLjU=&xsec_source=
当我用 DeepSeek抽盲盒,https://www.xiaohongshu.com/search_result/67b338d300000000180193e7?xsec_token=ABfxl8Ah9no4FlwHHpqvnB1Olg5or95mbGN40Jh6YAYwA=&xsec_source=
当我用 DeepSeek抽盲盒,https://www.xiaohongshu.com/search_result/67cc5e1b000000002a00313b?xsec_token=ABdgL9mEqob5Xf8d7onTRH3j-Mp8-B7NeAS_XIWnomCdo=&xsec_source=
当我用 DeepSeek抽盲盒,https://www.xiaohongshu.com/search_result/67b424a1000000000b014ac4?xsec_token=ABw_KMHpjGH4bw5sESGPUHEeUvuD5J2bYm8Y_wkPV-tuY=&xsec_source=
当我用 DeepSeek抽盲盒,https://www.xiaohongshu.com/search_result/6820b06d00000000220242e6?xsec_token=ABGdLao0wJ4xqQb8DtJTcUB1DCm9KIoJLvr4Bxj19FruY=&xsec_source=
当我用 DeepSeek抽盲盒,https://www.xiaohongshu.com/search_result/67c525c50000000029019121?xsec_token=ABBK7mbOKfQcrEEyF6c8hm-8GbADJHg2i22X7ya6rReEI=&xsec_source=
当我用 DeepSeek抽盲盒,https://www.xiaohongshu.com/search_result/67bc514c000000002902da9f?xsec_token=AB5g7jvyd44N1PQ1ryg3wDR8x4ILkDquomDUU8LthWknk=&xsec_source=
当我用 DeepSeek抽盲盒,https://www.xiaohongshu.com/search_result/67c54ec8000000000603b1dc?xsec_token=ABBK7mbOKfQcrEEyF6c8hm-4GWcIheMNlWJFfXyi_e2QQ=&xsec_source=
当我用 DeepSeek抽盲盒,https://www.xiaohongshu.com/search_result/67b0b0930000000029012a48?xsec_token=AB84wRMbia3dxiJbwbDYvASno6PtYaiPvpUSZlR-zI1pU=&xsec_source=
当我用 DeepSeek抽盲盒,https://www.xiaohongshu.com/search_result/67dd6f96000000001e00437d?xsec_token=ABaMKXlSCG05vCrpPB9v2uqRHNa_VPJy0GBQ_sHplyLQQ=&xsec_source=
当我用 DeepSeek抽盲盒,https://www.xiaohongshu.com/search_result/67a718bc000000001801beb3?xsec_token=ABWZ9aF1KeS7MIse73MAYE7QAnyRn647jHrjAumcWUHis=&xsec_source=
当我用 DeepSeek抽盲盒,https://www.xiaohongshu.com/search_result/67a981da000000001800a56f?xsec_token=ABqfMfyUYfb0tV-WJ6FgedK3I_5irIgqJQqJNoPkL4nZ0=&xsec_source=
当我用 DeepSeek抽盲盒,https://www.xiaohongshu.com/search_result/68286e360000000012000cd7?xsec_token=ABAgM4ZvaCiS5_ORxaCoWYT_tbogY0US2jM1OL6boyqyU=&xsec_source=
当我用 DeepSeek抽盲盒,https://www.xiaohongshu.com/search_result/67fcc261000000000f03bb3d?xsec_token=ABan9zU41Pmlrx9sCIfoVTuMQbTQ5fdGXz2CKRkZP_EI4=&xsec_source=
当我用 DeepSeek抽盲盒,https://www.xiaohongshu.com/search_result/67c347780000000009038148?xsec_token=ABYDJO8GKUsdqRXW166izUcZ5qUmS0xppORzonM8odPME=&xsec_source=
当我用 DeepSeek抽盲盒,https://www.xiaohongshu.com/search_result/6834131c000000000f0331b3?xsec_token=ABtdaerB6H5WKfHxWd7u9uH2xQuhrHO8rIzXO34O4SlqM=&xsec_source=
当我用 DeepSeek抽盲盒,https://www.xiaohongshu.com/search_result/682323e2000000002100e736?xsec_token=ABIeRMM3DIbiZGd0w0BtEyD5d8KQNhcZ9WXh7XgOxCAEg=&xsec_source=
当我用 DeepSeek抽盲盒,https://www.xiaohongshu.com/search_result/67a83669000000002602c013?xsec_token=ABMyzH244ZcBAvvC579oqkrbuZUGUkrCzbavlxtTn1FmY=&xsec_source=
当我用 DeepSeek抽盲盒,https://www.xiaohongshu.com/search_result/67b3247f0000000018005976?xsec_token=ABfxl8Ah9no4FlwHHpqvnB1CwKt_Se5QQUY4BR1_KjofI=&xsec_source=
当我用 DeepSeek抽盲盒,https://www.xiaohongshu.com/search_result/67b194e8000000002a00c3fa?xsec_token=ABut56q_PE1hzAV8lRI6T-cTo5iObmhoL52PV2IJxDxDc=&xsec_source=
当我用 DeepSeek抽盲盒,https://www.xiaohongshu.com/search_result/680b760b000000001b03fd4f?xsec_token=ABlfJOG1gfjhEbR-TmYJIqQp4CXEne1ZbiAqfohot8Keo=&xsec_source=
当我用 DeepSeek抽盲盒,https://www.xiaohongshu.com/search_result/67c6b60b000000000903aaae?xsec_token=ABhSkXP4wCYVLw9ci15FNWJb09WkidVs6CtlLkGoVJJgg=&xsec_source=
当我用 DeepSeek抽盲盒,https://www.xiaohongshu.com/search_result/684642e1000000000f03b32a?xsec_token=ABvEYSVZR1tL_PUVJHClCHcudugGgR2giW1YldTlg92jI=&xsec_source=
当我用 DeepSeek抽盲盒,https://www.xiaohongshu.com/search_result/67b5692b000000000e007db6?xsec_token=ABHaYqgYA8UstQW99Ea66h8iDj9fm2ZNe9to-hZpL8l3E=&xsec_source=
当我用 DeepSeek抽盲盒,https://www.xiaohongshu.com/search_result/67b8929c000000001203f17e?xsec_token=ABGHJbPG9VZmvnld_qWl3_XdhZTPX6R9uaWM9HTsEibKY=&xsec_source=
当我用 DeepSeek抽盲盒,https://www.xiaohongshu.com/search_result/67dd9a15000000000900c8d0?xsec_token=ABaMKXlSCG05vCrpPB9v2uqb6CHDnYLpSdfIAML8w-N-A=&xsec_source=
当我用 DeepSeek抽盲盒,https://www.xiaohongshu.com/search_result/6824aa1a0000000023014103?xsec_token=AB8HQ7kKQQn5aksGGI35HNMHPWVI4zLY_STIx2Hj8RcoI=&xsec_source=
当我用 DeepSeek抽盲盒,https://www.xiaohongshu.com/search_result/67bab06c0000000007034807?xsec_token=ABNrXkWjGnoTotb7qK196dbB78wMEERPkwlxkFqeVCSoM=&xsec_source=
当我用 DeepSeek抽盲盒,https://www.xiaohongshu.com/search_result/67fd4d1500000000090391e6?xsec_token=ABTJv3F7KFgXmTApfV3c2dhhJ8AbR5pC9Yv5iDo0Zm7Hc=&xsec_source=
当我用 DeepSeek抽盲盒,https://www.xiaohongshu.com/search_result/67e5024f000000000e006fe6?xsec_token=ABel-r1RpaiywtKKoJL7FCc6JJ5Qc8FQTaeYxi4uspptk=&xsec_source=
当我用 DeepSeek抽盲盒,https://www.xiaohongshu.com/search_result/67aaffd30000000028036797?xsec_token=ABW6kp8OSEsKECVy-qW0kmMQTiO2lq8vcuqrqDrSGEAjc=&xsec_source=
快来看看DeepSeek,https://www.xiaohongshu.com/search_result/67bbc87f000000000703778c?xsec_token=ABxwVpwdY3D1-rFofx1AQ-ac5Cfs01KOH9IcO9exJi_vs=&xsec_source=
快来看看DeepSeek,https://www.xiaohongshu.com/search_result/67a6a9300000000018012fb4?xsec_token=ABglfpufgkMuJj1V3Lzs9T0CqzqSV4Gk00qnRcx7CWBJw=&xsec_source=
快来看看DeepSeek,https://www.xiaohongshu.com/search_result/682c9e010000000023016d33?xsec_token=ABRhB7JUKawVNsDew7p-If7lmvw0M2zEBSQFblsKWrLzU=&xsec_source=
快来看看DeepSeek,https://www.xiaohongshu.com/search_result/68283c36000000002100f84d?xsec_token=ABAgM4ZvaCiS5_ORxaCoWYT8rhPTKGuO21PgiSdzcRync=&xsec_source=
快来看看DeepSeek,https://www.xiaohongshu.com/search_result/68466bc1000000002301c63b?xsec_token=ABvEYSVZR1tL_PUVJHClCHcsGWET7vx7DFDmsoay71xmI=&xsec_source=
快来看看DeepSeek,https://www.xiaohongshu.com/search_result/681a5499000000001101f648?xsec_token=ABSrJNNtmbKzuxf8DWffxzkwPzQu_Q-qe7Cho3AKfpZbA=&xsec_source=
快来看看DeepSeek,https://www.xiaohongshu.com/search_result/68450b43000000002100acb1?xsec_token=ABMr-4-e1LncYos4ZgrTKeTIK-VEY7cETpO8cp9hXqcpU=&xsec_source=
快来看看DeepSeek,https://www.xiaohongshu.com/search_result/6831239e000000001200619c?xsec_token=ABnX3uhvUMnsN9akvXC3kStVWG4LsysiXoryRLbps1n0U=&xsec_source=
快来看看DeepSeek,https://www.xiaohongshu.com/search_result/67e4fc19000000001d03ac31?xsec_token=ABH9CQm4cSA6hmpsK-10BQLJ53-9D3GvEq-CvYYpHwpMA=&xsec_source=
快来看看DeepSeek,https://www.xiaohongshu.com/search_result/680d81cf000000001c02f82b?xsec_token=ABaKmVNOi0QOle4vyZH-quNPqpwhpdqpGQu_LSTS4BLb0=&xsec_source=
快来看看DeepSeek,https://www.xiaohongshu.com/search_result/68417300000000002202e824?xsec_token=ABp_FIxWXjb8XHuEhJWcUXoXc_Ju835lamDG2FtH8Ic1s=&xsec_source=
快来看看DeepSeek,https://www.xiaohongshu.com/search_result/67f9161f000000000d01495b?xsec_token=ABJlY_0D_7F_In2dhKl4VjxgjuK6nCfIc4l_jLSSeyAXc=&xsec_source=
快来看看DeepSeek,https://www.xiaohongshu.com/search_result/67eb4cf8000000001c017e4a?xsec_token=ABNhr9DuG8HyVP6lhKZPLywr8ivjzK9QPkwc0hYBt52UQ=&xsec_source=
快来看看DeepSeek,https://www.xiaohongshu.com/search_result/6822daf50000000003039ed1?xsec_token=ABvm4ODUD4Zg9eo2qryOxiXlyGjmDOJJnTssB-gxbgOPE=&xsec_source=
快来看看DeepSeek,https://www.xiaohongshu.com/search_result/683e514c0000000022005a6a?xsec_token=ABw6qcov2fT_8hPXp8un21C1UW5-8WZxNSa7Qji4BCg5A=&xsec_source=
快来看看DeepSeek,https://www.xiaohongshu.com/search_result/67daae9e000000001203ca4c?xsec_token=ABQMCkDeQzQKGdPlEophBi0PHtiMOZ_5ACk6ZjPY4naCE=&xsec_source=
快来看看DeepSeek,https://www.xiaohongshu.com/search_result/683171bb000000000303b312?xsec_token=ABnX3uhvUMnsN9akvXC3kStTQikTJ--Fnq_l8XUmnigtc=&xsec_source=
快来看看DeepSeek,https://www.xiaohongshu.com/search_result/67a9d71100000000180075b7?xsec_token=ABqfMfyUYfb0tV-WJ6FgedK7Tjt-j9PZFjncbqG5Yh_Sw=&xsec_source=
快来看看DeepSeek,https://www.xiaohongshu.com/search_result/6837422c000000002301019b?xsec_token=ABP4I8eYRCa03TxAzZ98iQlaXv_1mVMvzUjHVvjFJmKrg=&xsec_source=
快来看看DeepSeek,https://www.xiaohongshu.com/search_result/6831fda1000000002102dcf3?xsec_token=ABnX3uhvUMnsN9akvXC3kStUrp96rRcntCqfmSsOEdZE8=&xsec_source=
快来看看DeepSeek,https://www.xiaohongshu.com/search_result/67fe7d27000000001c01d1e9?xsec_token=ABg96desvjPGJKCL6gUkhZrFPkAdihRbskug7xrZGdXGI=&xsec_source=
快来看看DeepSeek,https://www.xiaohongshu.com/search_result/683e338d000000001101e3a4?xsec_token=ABw6qcov2fT_8hPXp8un21CyUD1qKojpM49NjiAFq9lGA=&xsec_source=
快来看看DeepSeek,https://www.xiaohongshu.com/search_result/67a1fbe7000000002903f8c1?xsec_token=ABR_qRZUCrbh65bGd3EAzEkrl5LxCJFfhOqyp5mrP3xf0=&xsec_source=
快来看看DeepSeek,https://www.xiaohongshu.com/search_result/6821c3d9000000002202b6fc?xsec_token=ABf5UUpl_qtUgASn0-sajBM_xrZj3ANxFgyqkb37KIiSs=&xsec_source=
快来看看DeepSeek,https://www.xiaohongshu.com/search_result/6825868600000000120071ff?xsec_token=AB-LB9vlBj-XGtmNJtb6sD6OhnK8AUUW3Bt61VkvXIj50=&xsec_source=
快来看看DeepSeek,https://www.xiaohongshu.com/search_result/683d7e9d000000002202ac57?xsec_token=ABJKcQeZ349NYFYvKYvS5uN1AJzNyB_HGN0l55LHnyAvs=&xsec_source=
快来看看DeepSeek,https://www.xiaohongshu.com/search_result/67a0821800000000170384f3?xsec_token=ABYIyBPfEfOxm_9d3efJcGxYWsp0HwbW6MGXqHsqTOxNE=&xsec_source=
快来看看DeepSeek,https://www.xiaohongshu.com/search_result/67a403ab0000000029014c7a?xsec_token=ABjKwS33mGhk_vC65NLkrqioTraNhFCUBYXEt9SM-g1f0=&xsec_source=
快来看看DeepSeek,https://www.xiaohongshu.com/search_result/67f7767c000000001b0249e2?xsec_token=ABBXZXsg_FXDKJcdKXF7Qr-RacziA3lL1emkgIomH1eGQ=&xsec_source=
快来看看DeepSeek,https://www.xiaohongshu.com/search_result/67bc2bbe0000000003029fba?xsec_token=AB5g7jvyd44N1PQ1ryg3wDR4TotvIK-PXfiM_p_FwLDlc=&xsec_source=
快来看看DeepSeek,https://www.xiaohongshu.com/search_result/67b87e71000000002802b6e5?xsec_token=ABGHJbPG9VZmvnld_qWl3_XSvwZXfaAz0H9382-mhH5os=&xsec_source=
快来看看DeepSeek,https://www.xiaohongshu.com/search_result/6825d00d000000002202cf33?xsec_token=AB-LB9vlBj-XGtmNJtb6sD6B8ZvtgLuT3pviNaDrA0tmM=&xsec_source=
快来看看DeepSeek,https://www.xiaohongshu.com/search_result/6832955e0000000012004aa1?xsec_token=ABEvARZpS_mAOmFNsVzE2yKGbgp2-BDTJHhoPpwj9-XCs=&xsec_source=
快来看看DeepSeek,https://www.xiaohongshu.com/search_result/67cc61d7000000002901693b?xsec_token=ABdgL9mEqob5Xf8d7onTRH3jjJvBW3FuoYcMLPR_jmdk0=&xsec_source=
快来看看DeepSeek,https://www.xiaohongshu.com/search_result/679a1c160000000029027003?xsec_token=ABvLk883nrEk_N97j9rZnEnUShUYNzHKWWXE0W7lZfA7Q=&xsec_source=
快来看看DeepSeek,https://www.xiaohongshu.com/search_result/67b0756a000000002a00c1d4?xsec_token=AB84wRMbia3dxiJbwbDYvASm8YHY1AD8RqAWqz26pBIzg=&xsec_source=
快来看看DeepSeek,https://www.xiaohongshu.com/search_result/683f1c2600000000120037ca?xsec_token=ABtvSmqEqjySkFOZXiiAd4g9KiLovVqD8VjnCkER6iTfM=&xsec_source=
快来看看DeepSeek,https://www.xiaohongshu.com/search_result/67e2c0bb000000000900ce2e?xsec_token=AB6R2tXcuzUjRm3AqF0eHstKI7HwUcXzYwz2kWItRUrkM=&xsec_source=
快来看看DeepSeek,https://www.xiaohongshu.com/search_result/680757fc000000001d01b010?xsec_token=ABrsx2wR40Z7CyK5tVWZKn4-U7BEvvp38Hj5b2tzLAtP0=&xsec_source=
快来看看DeepSeek,https://www.xiaohongshu.com/search_result/67b054d50000000017038588?xsec_token=AB84wRMbia3dxiJbwbDYvASk0ZD1W7YGMMPkdknW42CqA=&xsec_source=
快来看看DeepSeek,https://www.xiaohongshu.com/search_result/67f5dd4c000000001d0051f4?xsec_token=ABeDPyfoetGDWCnMEKoLt-tHLoE4oyz9MMthRv5_B7jxY=&xsec_source=
快来看看DeepSeek,https://www.xiaohongshu.com/search_result/67ad5f01000000002602e231?xsec_token=ABlBzZaql97jYOowVYK32_1zE9qRJcsQp8VWA1QDoXjFo=&xsec_source=
快来看看DeepSeek,https://www.xiaohongshu.com/search_result/67ea637a000000001c01c4a0?xsec_token=ABzAWEJfWgUMABsg7JP8GXWHdSRa60vOm7evySgWAPwbc=&xsec_source=
快来看看DeepSeek,https://www.xiaohongshu.com/search_result/67bd08f2000000002903bed4?xsec_token=ABfT8DDpsZfFDQU9B-k3AP3-R_tT3f6lHKOpPV8A8Gt7Q=&xsec_source=
快来看看DeepSeek,https://www.xiaohongshu.com/search_result/681e00740000000021002167?xsec_token=ABaFB3bUNup55yHo4MsOJO93zzERZF3mRoU7YetH-bHrw=&xsec_source=
快来看看DeepSeek,https://www.xiaohongshu.com/search_result/681213d0000000002300c77c?xsec_token=ABVD0VUmDAdVn05m0zTCATxSuoZ5DJ7J84CI3yY7a-Jl8=&xsec_source=
快来看看DeepSeek,https://www.xiaohongshu.com/search_result/67d6ca58000000000302898b?xsec_token=ABj4VaQCH2WGryTH78cYeHxBaENA-v9dfG5Q-TG3yt9O0=&xsec_source=
快来看看DeepSeek,https://www.xiaohongshu.com/search_result/6809a1ed000000001e007189?xsec_token=AB-LpuSKg87BbzcQDfL1zVAHVfdXQ6_RMsAqOPYVvLY-M=&xsec_source=
快来看看DeepSeek,https://www.xiaohongshu.com/search_result/67b0c8be000000002503cb7e?xsec_token=AB84wRMbia3dxiJbwbDYvASubOXKZSVsQDlkuW5D0-7Vk=&xsec_source=
快来看看DeepSeek,https://www.xiaohongshu.com/search_result/67c2d181000000000302913a?xsec_token=ABDMSFdZ2h8mma3GYw0QPGhRvsfeKWw3E5-EqDq26fXps=&xsec_source=
快来看看DeepSeek,https://www.xiaohongshu.com/search_result/6807d678000000001c02b73b?xsec_token=ABrsx2wR40Z7CyK5tVWZKn42ZZ8Y67snBp1VsuhyFGtMw=&xsec_source=
快来看看DeepSeek,https://www.xiaohongshu.com/search_result/68402bff0000000022007f06?xsec_token=ABO3rkEjp6JgpOP4LdxpfRG6HnSJfAqmShl6q-24ooYR4=&xsec_source=
快来看看DeepSeek,https://www.xiaohongshu.com/search_result/67a30eb70000000029033408?xsec_token=AB4-fQlZb1yRsZeD0pJaYVnfEH3RnDdhueE8xYLDY38oI=&xsec_source=
快来看看DeepSeek,https://www.xiaohongshu.com/search_result/67e7aecf000000001c01e716?xsec_token=ABD4mJdAvMv16f5vj0-1F1uXjJrvMy_2LexUxeSSO3_2k=&xsec_source=
快来看看DeepSeek,https://www.xiaohongshu.com/search_result/6816511900000000220353b2?xsec_token=ABjNrLYtfHx7Vox5Lex1x5RQiPp0Wby47tw7BhF08b-FE=&xsec_source=
快来看看DeepSeek,https://www.xiaohongshu.com/search_result/683fbf4f0000000012001c01?xsec_token=ABtvSmqEqjySkFOZXiiAd4g6G4fyd28pI71naHHWnT4Vo=&xsec_source=
快来看看DeepSeek,https://www.xiaohongshu.com/search_result/67f53e2a000000000b02e745?xsec_token=ABeDPyfoetGDWCnMEKoLt-tPLi2cIlxw8VhxkVjiB-isQ=&xsec_source=
快来看看DeepSeek,https://www.xiaohongshu.com/search_result/684023bc000000002101a06d?xsec_token=ABO3rkEjp6JgpOP4LdxpfRG73b9f4m_AEMz_v77yzLZKc=&xsec_source=
快来看看DeepSeek,https://www.xiaohongshu.com/search_result/683573ad000000002301c85c?xsec_token=ABEX93kMXKOgQlJXi4tfORx-TJ2Y1qCJR9qHCHOkF1gro=&xsec_source=
快来看看DeepSeek,https://www.xiaohongshu.com/search_result/67cac0d8000000000900f6f3?xsec_token=AB_xP5gHRqVYM1LRm2FW4bwJd-E3NOsqbAiUqo-fwlpgw=&xsec_source=
快来看看DeepSeek,https://www.xiaohongshu.com/search_result/6799cc320000000029025f75?xsec_token=ABuqE125aVzk3dD_i9X4enFmQLULllSOHQnIMCnk1ly1c=&xsec_source=
快来看看DeepSeek,https://www.xiaohongshu.com/search_result/6826019400000000210185ee?xsec_token=ABEuJ4_P_X0WbEVqWVCGhLTSoCcJehiBlVUh5VSr0xAYs=&xsec_source=
快来看看DeepSeek,https://www.xiaohongshu.com/search_result/683a90db00000000120047f0?xsec_token=ABH9c5fcn4_bPIEy3LyJAU8-PPMIv1ssgw3MUVfc6ixSA=&xsec_source=
快来看看DeepSeek,https://www.xiaohongshu.com/search_result/67f7e495000000001d005ff1?xsec_token=ABBXZXsg_FXDKJcdKXF7Qr-Tdi0Cd-6iH9V4V9-AlqPfU=&xsec_source=
快来看看DeepSeek,https://www.xiaohongshu.com/search_result/67bb6967000000002900c459?xsec_token=ABxwVpwdY3D1-rFofx1AQ-acY2TOfryGMISIivuX33qAg=&xsec_source=
快来看看DeepSeek,https://www.xiaohongshu.com/search_result/684529040000000012004b35?xsec_token=ABMr-4-e1LncYos4ZgrTKeTEYqSdYETAg3oes0WSoSmOE=&xsec_source=
快来看看DeepSeek,https://www.xiaohongshu.com/search_result/67a03b090000000018013324?xsec_token=ABYIyBPfEfOxm_9d3efJcGxXGtqVgnugv7A9C3y7fUsOE=&xsec_source=
快来看看DeepSeek,https://www.xiaohongshu.com/search_result/67cbbde100000000290380d5?xsec_token=ABGWSRY8HyPKfM6HeerYvBo_EoHlNTe3PS2hYOkZ5SkQQ=&xsec_source=
快来看看DeepSeek,https://www.xiaohongshu.com/search_result/683e10ca0000000021002ffd?xsec_token=ABw6qcov2fT_8hPXp8un21C6AzFCd3jbB2vSONm47viTI=&xsec_source=
快来看看DeepSeek,https://www.xiaohongshu.com/search_result/68427781000000002100533e?xsec_token=ABdhVyKkYSePmC2oJXi2wSOruWcERvubMUzD74si8yjoI=&xsec_source=
快来看看DeepSeek,https://www.xiaohongshu.com/search_result/67a39eda00000000180137ab?xsec_token=AB4-fQlZb1yRsZeD0pJaYVnWwE1axZPK5iuF5o2M2KoMw=&xsec_source=
快来看看DeepSeek,https://www.xiaohongshu.com/search_result/6840521c000000000f033789?xsec_token=ABO3rkEjp6JgpOP4LdxpfRG3Qxf4d8qiJ25oTswsVlfM4=&xsec_source=
快来看看DeepSeek,https://www.xiaohongshu.com/search_result/67e9792f000000001202dcf2?xsec_token=AB3dAvZ2Zz4c_4-6MOQSf9Jd5Kx38hFGTihRMS2DnmfMs=&xsec_source=
快来看看DeepSeek,https://www.xiaohongshu.com/search_result/679c6345000000002802a2eb?xsec_token=ABksWz6sniOQlW6LrKk8mVq-xZPEiV6g0nxXyDHlp-Da4=&xsec_source=
快来看看DeepSeek,https://www.xiaohongshu.com/search_result/67b95928000000002902b6ed?xsec_token=ABwk1VlA4OajBtRwc1niaT8cMwYK798MVd8U41A3lnEEA=&xsec_source=
快来看看DeepSeek,https://www.xiaohongshu.com/search_result/683735f10000000023012339?xsec_token=ABP4I8eYRCa03TxAzZ98iQlSzQmQa54Azxffi1ITsmYg4=&xsec_source=
快来看看DeepSeek,https://www.xiaohongshu.com/search_result/6812429a000000000d017134?xsec_token=ABVD0VUmDAdVn05m0zTCATxcLaQB9qgV1bQMYuMGMSo6U=&xsec_source=
快来看看DeepSeek,https://www.xiaohongshu.com/search_result/6835bf340000000012005b19?xsec_token=ABEX93kMXKOgQlJXi4tfORx8rIdycq2ESi1yQ1e1PE3_w=&xsec_source=
快来看看DeepSeek,https://www.xiaohongshu.com/search_result/67a46df50000000029032bc2?xsec_token=ABjKwS33mGhk_vC65NLkrqiuvtPIyYpXz6cgBWrxXTpV8=&xsec_source=
快来看看DeepSeek,https://www.xiaohongshu.com/search_result/67aa225e000000002901943c?xsec_token=ABW6kp8OSEsKECVy-qW0kmMcdp5cqtOJ1wyQA_9buiWEU=&xsec_source=
快来看看DeepSeek,https://www.xiaohongshu.com/search_result/683ef6d0000000002200722b?xsec_token=ABw6qcov2fT_8hPXp8un21C404VX10JqfctisMtVfXRf8=&xsec_source=
快来看看DeepSeek,https://www.xiaohongshu.com/search_result/684509aa000000000c03aa1f?xsec_token=ABMr-4-e1LncYos4ZgrTKeTJyeIwwdr5dT0zsvcje3oMA=&xsec_source=
快来看看DeepSeek,https://www.xiaohongshu.com/search_result/67c42789000000000d014d33?xsec_token=ABLIWWebzuEFdbzC9rG2EW8dOkEZH5ZFIgp3ue5igHU3M=&xsec_source=
快来看看DeepSeek,https://www.xiaohongshu.com/search_result/67a64b77000000001800d967?xsec_token=ABglfpufgkMuJj1V3Lzs9T0Hsg3J1_SC8Zeg9BxToWrKM=&xsec_source=
快来看看DeepSeek,https://www.xiaohongshu.com/search_result/6839504f000000002100bcb6?xsec_token=ABfxe2RxajWw5MOl2F6S75vzvFY9KvTomb3wdnkk_7nsg=&xsec_source=
快来看看DeepSeek,https://www.xiaohongshu.com/search_result/67fbd624000000001b03f6c7?xsec_token=ABSi4DTEwO_asIr5HpMaRNbC7E-L_xd-oLBSuDaHtcxhM=&xsec_source=
快来看看DeepSeek,https://www.xiaohongshu.com/search_result/6798e3b4000000001800a589?xsec_token=ABN7E8Lkbtxf-SsVoCKisKIl26ZlvkeNjYei3mZuyTmUo=&xsec_source=
快来看看DeepSeek,https://www.xiaohongshu.com/search_result/68366375000000002300de5d?xsec_token=ABddn4_NjpCqcj8xeWyK3wbn7l0VisBwX-oMgD7fa8bk4=&xsec_source=
快来看看DeepSeek,https://www.xiaohongshu.com/search_result/67b56be3000000002a000354?xsec_token=ABHaYqgYA8UstQW99Ea66h8qDzzOrCEWueEDed_vc1OC4=&xsec_source=
快来看看DeepSeek,https://www.xiaohongshu.com/search_result/67fffdd3000000001c0348d2?xsec_token=ABtSxkRo79IzNjF7lTZkd82wMiNtWR_-OYB7X3gSYQi4I=&xsec_source=
快来看看DeepSeek,https://www.xiaohongshu.com/search_result/67c08e34000000002900b5f2?xsec_token=ABgvv-YY9ZtCiH_aWkseiryC4N_5y5k0O8XZGD7s15kxs=&xsec_source=
快来看看DeepSeek,https://www.xiaohongshu.com/search_result/684297940000000012002a61?xsec_token=ABdhVyKkYSePmC2oJXi2wSOiSw4Y75VL9NpNY0dyNgCQg=&xsec_source=
快来看看DeepSeek,https://www.xiaohongshu.com/search_result/67fa38f3000000001202c2bc?xsec_token=ABuLfKyAsvNKaN5l64K8jM5GQSbeC6I7QuTjX66fRd_YE=&xsec_source=
快来看看DeepSeek,https://www.xiaohongshu.com/search_result/68402c250000000022036435?xsec_token=ABO3rkEjp6JgpOP4LdxpfRGwNoQXqSE5Cah5YYvEAAEzw=&xsec_source=
快来看看DeepSeek,https://www.xiaohongshu.com/search_result/679e5773000000002900ecd2?xsec_token=AB9pX1_Wd030gjmekQnAjJpAB29ClS2UBWK5lC0b2nG-g=&xsec_source=
快来看看DeepSeek,https://www.xiaohongshu.com/search_result/6841a4a40000000023002917?xsec_token=ABp_FIxWXjb8XHuEhJWcUXoZ0a4xarMckPiaI_nvJDdIY=&xsec_source=
快来看看DeepSeek,https://www.xiaohongshu.com/search_result/68397071000000002100d584?xsec_token=ABfxe2RxajWw5MOl2F6S75v-M7rZ7MULn-MOL_rqTmcdA=&xsec_source=
快来看看DeepSeek,https://www.xiaohongshu.com/search_result/682eca960000000022005f6f?xsec_token=ABrLeos9In894fGKpKbzJOzf0ze254cgyN2ZtD5S0CZo8=&xsec_source=
快来看看DeepSeek,https://www.xiaohongshu.com/search_result/6791dfa30000000017038750?xsec_token=ABLBQMUHbp17b-nk8liVXZTmMDu_MpPnaGx6303YS-Jfk=&xsec_source=
快来看看DeepSeek,https://www.xiaohongshu.com/search_result/67ea3d32000000001d005d48?xsec_token=ABzAWEJfWgUMABsg7JP8GXWHZpKVMCy0I1QgKnjn5Hpm0=&xsec_source=
快来看看DeepSeek,https://www.xiaohongshu.com/search_result/67a9e0940000000018009377?xsec_token=ABqfMfyUYfb0tV-WJ6FgedK2QpHsCHbfJlFFQXoAS_ohk=&xsec_source=
快来看看DeepSeek,https://www.xiaohongshu.com/search_result/67a0cb930000000029019acd?xsec_token=ABYIyBPfEfOxm_9d3efJcGxeYrrwH0xeGkcSr0Vdi836Q=&xsec_source=
快来看看DeepSeek,https://www.xiaohongshu.com/search_result/680619fc000000000b02e481?xsec_token=ABwcfkT-D7U-VA8IbIRvjMKlaC5K7guKRGEh16XtWj08E=&xsec_source=
快来看看DeepSeek,https://www.xiaohongshu.com/search_result/6845c0b3000000000f039f54?xsec_token=ABMr-4-e1LncYos4ZgrTKeTEt0oWnsCjPIXfa0xaHsQ8E=&xsec_source=
快来看看DeepSeek,https://www.xiaohongshu.com/search_result/67d38a6f000000001a0057dc?xsec_token=ABADciCO_4p9gTsus0jilYa2G4tIrPXfOIA52YP6YruU0=&xsec_source=
快来看看DeepSeek,https://www.xiaohongshu.com/search_result/682351ca000000002002867c?xsec_token=ABIeRMM3DIbiZGd0w0BtEyD59VB2vtCw_f_Vz0U6k9wP4=&xsec_source=
快来看看DeepSeek,https://www.xiaohongshu.com/search_result/67b8a69b000000000b016f2b?xsec_token=ABGHJbPG9VZmvnld_qWl3_XZo9YrunaiJAW8rbwix0yoo=&xsec_source=
快来看看DeepSeek,https://www.xiaohongshu.com/search_result/6836d2dc000000002200555a?xsec_token=ABddn4_NjpCqcj8xeWyK3wbvrP-UC-fzQQWMdQMWXFY6Q=&xsec_source=
快来看看DeepSeek,https://www.xiaohongshu.com/search_result/6841484f000000001101d22b?xsec_token=ABp_FIxWXjb8XHuEhJWcUXodokvcBEatYLELbzuxzniLo=&xsec_source=
快来看看DeepSeek,https://www.xiaohongshu.com/search_result/68368cb5000000000303802f?xsec_token=ABddn4_NjpCqcj8xeWyK3wbhRCXGFzdoQYkMpQx9jGnK8=&xsec_source=
逆天deepseek,https://www.xiaohongshu.com/search_result/6825738900000000210095f6?xsec_token=AB-LB9vlBj-XGtmNJtb6sD6CVdLuavcet1hUsKoWZfIgE=&xsec_source=
逆天deepseek,https://www.xiaohongshu.com/search_result/683956cf0000000023011a44?xsec_token=ABfxe2RxajWw5MOl2F6S75v4y1tgsM9PH3AYPYOHsYCb0=&xsec_source=
逆天deepseek,https://www.xiaohongshu.com/search_result/68455fcd000000000303feef?xsec_token=ABMr-4-e1LncYos4ZgrTKeTHEWnQgTtwQ__Sev7zJV3mE=&xsec_source=
逆天deepseek,https://www.xiaohongshu.com/search_result/67e2de4c000000001d03818f?xsec_token=AB6R2tXcuzUjRm3AqF0eHstPeFlylYThvaViwzF6Q_Xyw=&xsec_source=
逆天deepseek,https://www.xiaohongshu.com/search_result/6805f76c000000001c009296?xsec_token=ABBf6FIuubYwNaiG11BT0PHYN00Bhh-oEIQ2-uMOrEbdQ=&xsec_source=
逆天deepseek,https://www.xiaohongshu.com/search_result/6843ea54000000002101a8e6?xsec_token=AB5VI0B8leD-J1lBnYeVddjrORlLRXwHtu2YgHWAhl060=&xsec_source=
逆天deepseek,https://www.xiaohongshu.com/search_result/67ac6a37000000002803d33d?xsec_token=ABSjGucmA1eLLwJmjKGsHQHqdXAtq3xPirrHdeyAQITAU=&xsec_source=
逆天deepseek,https://www.xiaohongshu.com/search_result/68186399000000002100c14d?xsec_token=ABC8lTR4YZpXAUTtV5Qx24WpmqysnbLjIja_2U8o7JI2s=&xsec_source=
逆天deepseek,https://www.xiaohongshu.com/search_result/67b70abb000000000603938f?xsec_token=ABULUEezWQErbIu2ULYtmYwqNjAGm1Eg_PdaVQVbGi1a8=&xsec_source=
逆天deepseek,https://www.xiaohongshu.com/search_result/680b83a8000000001d01a3eb?xsec_token=ABlfJOG1gfjhEbR-TmYJIqQm2WF8NepI31t7dNCmRSspE=&xsec_source=
逆天deepseek,https://www.xiaohongshu.com/search_result/681e14870000000012005a1f?xsec_token=ABaFB3bUNup55yHo4MsOJO94MZOxLb71HOoDPBqu66D8k=&xsec_source=
逆天deepseek,https://www.xiaohongshu.com/search_result/67e8fc31000000000901591f?xsec_token=AB-A5mUxvIsIZHQIwN3t0w6Me8JLP4PDaKD0Na-MM1Grw=&xsec_source=
逆天deepseek,https://www.xiaohongshu.com/search_result/679e2d90000000001800e87e?xsec_token=AB9pX1_Wd030gjmekQnAjJpIsCMSCJf0VU2Q-jbvnvgIg=&xsec_source=
逆天deepseek,https://www.xiaohongshu.com/search_result/6812f55f000000002102c45c?xsec_token=ABVD0VUmDAdVn05m0zTCATxSrZU1CMTJNanjuBOYolthw=&xsec_source=
逆天deepseek,https://www.xiaohongshu.com/search_result/6821c3d9000000002202b6fc?xsec_token=ABf5UUpl_qtUgASn0-sajBM_xrZj3ANxFgyqkb37KIiSs=&xsec_source=
逆天deepseek,https://www.xiaohongshu.com/search_result/67f5bdf3000000001c017a04?xsec_token=ABeDPyfoetGDWCnMEKoLt-tFad7kLfaLcxHj3ATY_v_3M=&xsec_source=
逆天deepseek,https://www.xiaohongshu.com/search_result/67cd505f000000002602d9c1?xsec_token=ABRmaKWTFZI37FiMJwRbcSrBQUuiZQkve9sHlDPxh4hW4=&xsec_source=
逆天deepseek,https://www.xiaohongshu.com/search_result/67fc9ab7000000001c0177e6?xsec_token=ABan9zU41Pmlrx9sCIfoVTuAo4pV12MVZRHC-QEvhgpo0=&xsec_source=
逆天deepseek,https://www.xiaohongshu.com/search_result/679cbde1000000001701fa40?xsec_token=ABksWz6sniOQlW6LrKk8mVq-mKfdwrAXcqcg6OoP9VABA=&xsec_source=
逆天deepseek,https://www.xiaohongshu.com/search_result/6841126500000000230149c3?xsec_token=ABp_FIxWXjb8XHuEhJWcUXoUrzTdsJTtWvk4divPckI5k=&xsec_source=
逆天deepseek,https://www.xiaohongshu.com/search_result/683e941c000000002002a07d?xsec_token=ABw6qcov2fT_8hPXp8un21C6VLrqf3yJE44LFHTrXIwHA=&xsec_source=
逆天deepseek,https://www.xiaohongshu.com/search_result/682c9e010000000023016d33?xsec_token=ABRhB7JUKawVNsDew7p-If7lmvw0M2zEBSQFblsKWrLzU=&xsec_source=
逆天deepseek,https://www.xiaohongshu.com/search_result/6814d23e000000000b0148c8?xsec_token=ABRQMfDpbdXL5hlUaeaDnRMODSieGZmlQzNPqsLlis47A=&xsec_source=
逆天deepseek,https://www.xiaohongshu.com/search_result/67e6ad1b000000001203d351?xsec_token=ABDohzfODpOEc3OGGm7TahUo8AUWpe_vgdync94ZxGltg=&xsec_source=
逆天deepseek,https://www.xiaohongshu.com/search_result/679f954e000000002902a175?xsec_token=AB_dtsmQ_mQtHffZNB-eZh4BXH1Rl88OULzyKRvzTv1Mw=&xsec_source=
逆天deepseek,https://www.xiaohongshu.com/search_result/67e4fc19000000001d03ac31?xsec_token=ABH9CQm4cSA6hmpsK-10BQLJ53-9D3GvEq-CvYYpHwpMA=&xsec_source=
逆天deepseek,https://www.xiaohongshu.com/search_result/679f8d04000000001902f260?xsec_token=AB_dtsmQ_mQtHffZNB-eZh4NweXK-tVX5ZDwTmQAIK4k0=&xsec_source=
逆天deepseek,https://www.xiaohongshu.com/search_result/683c70d6000000002102f800?xsec_token=AB2eKuWzjQz8KcN_RyCVXG3LF9t5UmOXmvlNCAbT7v6oY=&xsec_source=
逆天deepseek,https://www.xiaohongshu.com/search_result/67fd1f76000000000f039174?xsec_token=ABTJv3F7KFgXmTApfV3c2dhjVCod5TDe6v4QxyNKZ3sW8=&xsec_source=
逆天deepseek,https://www.xiaohongshu.com/search_result/683f1c2600000000120037ca?xsec_token=ABtvSmqEqjySkFOZXiiAd4g9KiLovVqD8VjnCkER6iTfM=&xsec_source=
逆天deepseek,https://www.xiaohongshu.com/search_result/67c5a040000000000603bfd2?xsec_token=ABBK7mbOKfQcrEEyF6c8hm-7ChF0EtxKZruJ1J6CQ9Ex4=&xsec_source=
逆天deepseek,https://www.xiaohongshu.com/search_result/6810515a000000002100c377?xsec_token=ABltR_Aydf28fvjxAIseii1caB67d2RFJFBCUIs4tMsL4=&xsec_source=
逆天deepseek,https://www.xiaohongshu.com/search_result/67a64b77000000001800d967?xsec_token=ABglfpufgkMuJj1V3Lzs9T0Hsg3J1_SC8Zeg9BxToWrKM=&xsec_source=
逆天deepseek,https://www.xiaohongshu.com/search_result/67f53e2a000000000b02e745?xsec_token=ABeDPyfoetGDWCnMEKoLt-tPLi2cIlxw8VhxkVjiB-isQ=&xsec_source=
逆天deepseek,https://www.xiaohongshu.com/search_result/67c42789000000000d014d33?xsec_token=ABLIWWebzuEFdbzC9rG2EW8dOkEZH5ZFIgp3ue5igHU3M=&xsec_source=
逆天deepseek,https://www.xiaohongshu.com/search_result/67b04f9400000000290379cc?xsec_token=AB84wRMbia3dxiJbwbDYvASv0O8hs_ASUzP0jHGZAASio=&xsec_source=
逆天deepseek,https://www.xiaohongshu.com/search_result/68176704000000002100af09?xsec_token=AB82G8fE1iDA6KWRO9vwiGJu_BANqy13RsvxRcp-A5VS8=&xsec_source=
逆天deepseek,https://www.xiaohongshu.com/search_result/683f9b7e000000002202fffe?xsec_token=ABtvSmqEqjySkFOZXiiAd4g_3JmSXPUlTwjDmoIH093h4=&xsec_source=
逆天deepseek,https://www.xiaohongshu.com/search_result/6813727a000000002202578b?xsec_token=ABiRtE2D6bQVBtBkdAyeyHOCn-jG_8HedfBIXsfCC5m0Q=&xsec_source=
逆天deepseek,https://www.xiaohongshu.com/search_result/6814fe20000000000b0142fa?xsec_token=ABRQMfDpbdXL5hlUaeaDnRMBoOuDW3xkzphBBxYVJVuLA=&xsec_source=
逆天deepseek,https://www.xiaohongshu.com/search_result/67fbd624000000001b03f6c7?xsec_token=ABSi4DTEwO_asIr5HpMaRNbC7E-L_xd-oLBSuDaHtcxhM=&xsec_source=
逆天deepseek,https://www.xiaohongshu.com/search_result/67d42f5e000000001c03d087?xsec_token=ABQEPT4ztKCuOi9KDiOEFlmyezCdESMmJ-uO1MNZDg8b8=&xsec_source=
逆天deepseek,https://www.xiaohongshu.com/search_result/679dc27b000000001800d057?xsec_token=AB_hGj9qBWObHjuLV9QqcSf1vxRRJV0ivt9TXztUnzW38=&xsec_source=
逆天deepseek,https://www.xiaohongshu.com/search_result/67c57bc4000000002803edd3?xsec_token=ABBK7mbOKfQcrEEyF6c8hm-6g3sJs8Y6qCOcqhVFwfePM=&xsec_source=
逆天deepseek,https://www.xiaohongshu.com/search_result/68419eb3000000001200585a?xsec_token=ABp_FIxWXjb8XHuEhJWcUXofKtBam-VX-KqCVq-udmvS0=&xsec_source=
逆天deepseek,https://www.xiaohongshu.com/search_result/67e520db000000001c008a81?xsec_token=ABel-r1RpaiywtKKoJL7FCc54IxGMfPU1WhjiICzub-aM=&xsec_source=
逆天deepseek,https://www.xiaohongshu.com/search_result/6825a238000000002100e789?xsec_token=AB-LB9vlBj-XGtmNJtb6sD6OJCTJNuLQVX_e4ZynFTta4=&xsec_source=
逆天deepseek,https://www.xiaohongshu.com/search_result/682ddd34000000002202b31b?xsec_token=ABgZNOXxj4a-ljNLft8RD_4U26xA4iaQX7jiOjUNOUP3Q=&xsec_source=
逆天deepseek,https://www.xiaohongshu.com/search_result/68079de1000000001a0050a2?xsec_token=ABrsx2wR40Z7CyK5tVWZKn45UNthXcE8ssii_Vxy_OZ4o=&xsec_source=
逆天deepseek,https://www.xiaohongshu.com/search_result/67b9b752000000002a00daa1?xsec_token=ABwk1VlA4OajBtRwc1niaT8dMMmvHW-HJqM8x0sMnASGk=&xsec_source=
逆天deepseek,https://www.xiaohongshu.com/search_result/68429646000000000303dc22?xsec_token=ABdhVyKkYSePmC2oJXi2wSOpeog-OzMIkhTFCFgYbHQAs=&xsec_source=
逆天deepseek,https://www.xiaohongshu.com/search_result/67c6ba5a000000001201d2d4?xsec_token=ABhSkXP4wCYVLw9ci15FNWJQ5GWKU3PjWrx2nt5ydqluk=&xsec_source=
逆天deepseek,https://www.xiaohongshu.com/search_result/67b966fb00000000280342c6?xsec_token=ABwk1VlA4OajBtRwc1niaT8Rq_r5G5WsbhwPL51eynYng=&xsec_source=
逆天deepseek,https://www.xiaohongshu.com/search_result/6838b7dc000000002300f28c?xsec_token=ABj1ymze3oJ3fKrJjXBy9kZMSTkXNpoxJQemJMkE1Bb7A=&xsec_source=
逆天deepseek,https://www.xiaohongshu.com/search_result/683a0590000000002100b213?xsec_token=ABH9c5fcn4_bPIEy3LyJAU80yd65RshG6Q9Jd7pnGuHM4=&xsec_source=
逆天deepseek,https://www.xiaohongshu.com/search_result/67fc87550000000007034f75?xsec_token=ABan9zU41Pmlrx9sCIfoVTuJk1FNAkEKG5DyaRmbi_dzw=&xsec_source=
逆天deepseek,https://www.xiaohongshu.com/search_result/6831239e000000001200619c?xsec_token=ABnX3uhvUMnsN9akvXC3kStVWG4LsysiXoryRLbps1n0U=&xsec_source=
逆天deepseek,https://www.xiaohongshu.com/search_result/68046eda000000001d018083?xsec_token=ABp6Jvs5gXIO-Xo2woW7lv8ENV4dg_n6LQZYPYAZQYzNA=&xsec_source=
逆天deepseek,https://www.xiaohongshu.com/search_result/67c64b930000000009014704?xsec_token=ABhSkXP4wCYVLw9ci15FNWJbdXrWtewIgxfEjMOAOWpXU=&xsec_source=
逆天deepseek,https://www.xiaohongshu.com/search_result/684275ae00000000210192ec?xsec_token=ABdhVyKkYSePmC2oJXi2wSOgEYQxufugwwR0QVVU5I4yw=&xsec_source=
逆天deepseek,https://www.xiaohongshu.com/search_result/680631d2000000000f038c6f?xsec_token=ABwcfkT-D7U-VA8IbIRvjMKh5NX2FU0pZCxHn9QxZqRDI=&xsec_source=
逆天deepseek,https://www.xiaohongshu.com/search_result/683b92420000000023002a93?xsec_token=ABKKSw1xiEuSq4F-fKCeY5NGAKgWO2DeH03IV02hLwucY=&xsec_source=
逆天deepseek,https://www.xiaohongshu.com/search_result/67a89f0d000000002903ed35?xsec_token=ABMyzH244ZcBAvvC579oqkrQczS3O070Ni9fjdFiFlSIE=&xsec_source=
逆天deepseek,https://www.xiaohongshu.com/search_result/684021d90000000022004118?xsec_token=ABO3rkEjp6JgpOP4LdxpfRG00zfmjUOMI5UnuSeUKyksE=&xsec_source=
逆天deepseek,https://www.xiaohongshu.com/search_result/6831fda1000000002102dcf3?xsec_token=ABnX3uhvUMnsN9akvXC3kStUrp96rRcntCqfmSsOEdZE8=&xsec_source=
逆天deepseek,https://www.xiaohongshu.com/search_result/6842ca170000000023001ff0?xsec_token=ABdhVyKkYSePmC2oJXi2wSOhAInNa05PBQBo-wH9H4DqY=&xsec_source=
逆天deepseek,https://www.xiaohongshu.com/search_result/68259b6e000000002001ea88?xsec_token=AB-LB9vlBj-XGtmNJtb6sD6MBHF_dHxF6ZQm8ryOSpd5E=&xsec_source=
逆天deepseek,https://www.xiaohongshu.com/search_result/68373e2a000000002002b390?xsec_token=ABP4I8eYRCa03TxAzZ98iQla2TgR_GZfCZ2BkLB8SNlZk=&xsec_source=
逆天deepseek,https://www.xiaohongshu.com/search_result/683fbf4f0000000012001c01?xsec_token=ABtvSmqEqjySkFOZXiiAd4g6G4fyd28pI71naHHWnT4Vo=&xsec_source=
逆天deepseek,https://www.xiaohongshu.com/search_result/6829e313000000002102dbba?xsec_token=ABOZfiChUimaSYVKZjMd-5PNX1b_sfjDLnAtA9LKySAhM=&xsec_source=
逆天deepseek,https://www.xiaohongshu.com/search_result/67c57d330000000029008a85?xsec_token=ABBK7mbOKfQcrEEyF6c8hm--n4xmalAfe4UdyaEVvfKm4=&xsec_source=
逆天deepseek,https://www.xiaohongshu.com/search_result/68046a41000000001b03fda8?xsec_token=ABp6Jvs5gXIO-Xo2woW7lv8N1sxcplWRw9iUit5VeM2Ns=&xsec_source=
逆天deepseek,https://www.xiaohongshu.com/search_result/68413b6a0000000022034ef1?xsec_token=ABp_FIxWXjb8XHuEhJWcUXoaJ25AvuTHx-Ejkyq_H1DcU=&xsec_source=
逆天deepseek,https://www.xiaohongshu.com/search_result/68404fb90000000021001c99?xsec_token=ABO3rkEjp6JgpOP4LdxpfRG2e8huS0pssZ9iZbByr_KTs=&xsec_source=
逆天deepseek,https://www.xiaohongshu.com/search_result/684507c6000000000f03103d?xsec_token=ABMr-4-e1LncYos4ZgrTKeTKqYwIBqQ_yUX0tf_WHikts=&xsec_source=
逆天deepseek,https://www.xiaohongshu.com/search_result/680b6e85000000001b025d58?xsec_token=ABlfJOG1gfjhEbR-TmYJIqQr9tiEtjrjKHVdfwJWr2ing=&xsec_source=
逆天deepseek,https://www.xiaohongshu.com/search_result/67b85a4f000000002902f1c9?xsec_token=ABGHJbPG9VZmvnld_qWl3_XRjoFp_ZpaxN4Z-a1UTKPPY=&xsec_source=
逆天deepseek,https://www.xiaohongshu.com/search_result/6841948b0000000022024007?xsec_token=ABp_FIxWXjb8XHuEhJWcUXoTh1XOxlDsu42totnf5Wbpg=&xsec_source=
逆天deepseek,https://www.xiaohongshu.com/search_result/6842b626000000001101f6fb?xsec_token=ABdhVyKkYSePmC2oJXi2wSOsgmL067mk8xJ-u3NCruOS8=&xsec_source=
逆天deepseek,https://www.xiaohongshu.com/search_result/67c10494000000001201f72a?xsec_token=ABmY8vHUmu_Mn-ySRZ3GmulvgxbfIk_gcKH_aMQUNYDKc=&xsec_source=
逆天deepseek,https://www.xiaohongshu.com/search_result/67cc72d9000000000b0150b1?xsec_token=ABdgL9mEqob5Xf8d7onTRH3oW46rBLEfXJ6R80K3MOAGM=&xsec_source=
逆天deepseek,https://www.xiaohongshu.com/search_result/6835bf340000000012005b19?xsec_token=ABEX93kMXKOgQlJXi4tfORx8rIdycq2ESi1yQ1e1PE3_w=&xsec_source=
逆天deepseek,https://www.xiaohongshu.com/search_result/67e9792f000000001202dcf2?xsec_token=AB3dAvZ2Zz4c_4-6MOQSf9Jd5Kx38hFGTihRMS2DnmfMs=&xsec_source=
逆天deepseek,https://www.xiaohongshu.com/search_result/681dd298000000002301e642?xsec_token=ABPNXN6Upo_PXC8jfmsjLd5RaWpl_K4l2_fL85Py0vPJg=&xsec_source=
逆天deepseek,https://www.xiaohongshu.com/search_result/683a980a000000002100c28c?xsec_token=ABH9c5fcn4_bPIEy3LyJAU8ySMcF_3-Ska2JZ2CSvruB8=&xsec_source=
逆天deepseek,https://www.xiaohongshu.com/search_result/684082d6000000000303df86?xsec_token=ABO3rkEjp6JgpOP4LdxpfRG626DW478bT8YpfW_nHbOyg=&xsec_source=
逆天deepseek,https://www.xiaohongshu.com/search_result/6818c3180000000023015c02?xsec_token=ABC8lTR4YZpXAUTtV5Qx24Wtoqv19KIhBQ6EwODrTTTQQ=&xsec_source=
逆天deepseek,https://www.xiaohongshu.com/search_result/67fcf902000000001c005626?xsec_token=ABan9zU41Pmlrx9sCIfoVTuIoiR0ITQKtUaBzoYb9K1VQ=&xsec_source=
逆天deepseek,https://www.xiaohongshu.com/search_result/682d2b43000000002001ea70?xsec_token=ABgZNOXxj4a-ljNLft8RD_4UMwqeBBirCDG0Wl5iAmPbU=&xsec_source=
逆天deepseek,https://www.xiaohongshu.com/search_result/67bb305b000000002a002a11?xsec_token=ABxwVpwdY3D1-rFofx1AQ-aZSRR0K7SGp_2pGAuDqbNvU=&xsec_source=
逆天deepseek,https://www.xiaohongshu.com/search_result/67ab604e000000001801099d?xsec_token=ABzDk02vCBPXGj-MskREKepO-Clxb3h1NU2kFbSOL-jNo=&xsec_source=
逆天deepseek,https://www.xiaohongshu.com/search_result/67e7aecf000000001c01e716?xsec_token=ABD4mJdAvMv16f5vj0-1F1uXjJrvMy_2LexUxeSSO3_2k=&xsec_source=
逆天deepseek,https://www.xiaohongshu.com/search_result/67b8913e000000002900841c?xsec_token=ABGHJbPG9VZmvnld_qWl3_XRdL7_49KrT1Xq3tqO2jdTs=&xsec_source=
逆天deepseek,https://www.xiaohongshu.com/search_result/682f30430000000021000771?xsec_token=ABpLEvhKnhFkGsmR6AEaaqBnjcz2dgPcYjZVOadJj9KAg=&xsec_source=
逆天deepseek,https://www.xiaohongshu.com/search_result/67a770bb000000002503dee2?xsec_token=ABWZ9aF1KeS7MIse73MAYE7U_2u00uAmOuPuNBXn1KNWY=&xsec_source=
逆天deepseek,https://www.xiaohongshu.com/search_result/67cc61a8000000002900baa0?xsec_token=ABdgL9mEqob5Xf8d7onTRH3hgLHl49tzVQZEs7rh1u_jw=&xsec_source=
逆天deepseek,https://www.xiaohongshu.com/search_result/68280687000000000f03bc28?xsec_token=ABAgM4ZvaCiS5_ORxaCoWYTw3LBcmBNshRzadoVhWzwgo=&xsec_source=
逆天deepseek,https://www.xiaohongshu.com/search_result/68010e09000000001c010f3e?xsec_token=AB4Q50FvnS1G7K_YPbcQ-UR5tsZqBiC_H6BFy6WPZeZJk=&xsec_source=
逆天deepseek,https://www.xiaohongshu.com/search_result/67985968000000002803d403?xsec_token=ABN7E8Lkbtxf-SsVoCKisKIoqecWvwkibI_P8FQVYf5JI=&xsec_source=
逆天deepseek,https://www.xiaohongshu.com/search_result/67c2d82e0000000029009a13?xsec_token=ABDMSFdZ2h8mma3GYw0QPGhZyxCFkq1fkGOvgjHUnv1fM=&xsec_source=
逆天deepseek,https://www.xiaohongshu.com/search_result/67a9f53f000000002901fdce?xsec_token=ABqfMfyUYfb0tV-WJ6FgedK3OBJj26Pfa3iQP_4i-vF6M=&xsec_source=
逆天deepseek,https://www.xiaohongshu.com/search_result/68429ad10000000022006364?xsec_token=ABdhVyKkYSePmC2oJXi2wSOvVDYfqlfkN51VQO11gwZqk=&xsec_source=
逆天deepseek,https://www.xiaohongshu.com/search_result/67ef79c7000000001b03b8d9?xsec_token=ABtO2uiTfwN5AYaK2TSlLJ-zWUxuzceJIw0JMdeEkY4E8=&xsec_source=
逆天deepseek,https://www.xiaohongshu.com/search_result/6843c3bd000000002301fdc6?xsec_token=AB5VI0B8leD-J1lBnYeVddjtvsITgXHMYr0cpQeX5cxGs=&xsec_source=
逆天deepseek,https://www.xiaohongshu.com/search_result/68453d110000000021002f32?xsec_token=ABMr-4-e1LncYos4ZgrTKeTKltNKKPyQ753pYOyALGGvs=&xsec_source=
逆天deepseek,https://www.xiaohongshu.com/search_result/67a4e362000000002900bc26?xsec_token=ABjKwS33mGhk_vC65NLkrqikjgctMye9zuC6T3LS8Wlw8=&xsec_source=
逆天deepseek,https://www.xiaohongshu.com/search_result/6840111a000000002002b218?xsec_token=ABO3rkEjp6JgpOP4LdxpfRG9IwuN2zQE8qhj1uiDxshr8=&xsec_source=
逆天deepseek,https://www.xiaohongshu.com/search_result/683fb3240000000022037f65?xsec_token=ABtvSmqEqjySkFOZXiiAd4g_6fgx7Zw3u61Pn8PBOu31o=&xsec_source=
逆天deepseek,https://www.xiaohongshu.com/search_result/6829ead0000000002301ea4f?xsec_token=ABOZfiChUimaSYVKZjMd-5PCzv1Mi3F7cGQ1TkWomNBUM=&xsec_source=
逆天deepseek,https://www.xiaohongshu.com/search_result/68410021000000002202c00c?xsec_token=ABp_FIxWXjb8XHuEhJWcUXoScbn2FRpgIjlIF-TH7mi6U=&xsec_source=
